Noise,GuessTillWin,RunNumber,,,,
0,3,1,,,,
0,5,1,,,,
0,4,1,,,noise,average
0,3,1,,,0,3.603
0,4,1,,,0.5,3.623
0,4,1,,,1,3.658
0,4,1,,,2,3.629
0,3,1,,,5,3.672
0,5,1,,,10,3.724
0,3,1,,,15,3.818
0,6,1,,,20,3.856
0,4,1,,,50,4.253
0,5,1,,,,
0,4,1,,,,
0,3,1,,,,
0,3,1,,,,
0,4,1,,,,
0,3,1,,,,
0,3,1,,,,
0,5,1,,,,
0,5,1,,,,
0,5,1,,,,
0,5,1,,,,
0,4,1,,,,
0,3,1,,,,
0,3,1,,,,
0,3,1,,,,
0,4,1,,,,
0,2,1,,,,
0,4,1,,,,
0,5,1,,,,
0,4,1,,,,
0,2,1,,,,
0,3,1,,,,
0,4,1,,,,
0,4,1,,,,
0,4,1,,,,
0,2,1,,,,
0,4,1,,,,
0,3,1,,,,
0,3,1,,,,
0,3,1,,,,
0,3,1,,,,
0,2,1,,,,
0,4,1,,,,
0,3,1,,,,
0,5,1,,,,
0,3,1,,,,
0,3,1,,,,
0,5,1,,,,
0,4,1,,,,
0,4,1,,,,
0,4,1,,,,
0,3,1,,,,
0,4,1,,,,
0,4,1,,,,
0,3,1,,,,
0,4,1,,,,
0,5,1,,,,
0,2,1,,,,
0,2,1,,,,
0,4,1,,,,
0,4,1,,,,
0,5,1,,,,
0,3,1,,,,
0,5,1,,,,
0,3,1,,,,
0,5,1,,,,
0,5,1,,,,
0,5,1,,,,
0,4,1,,,,
0,2,1,,,,
0,4,1,,,,
0,3,1,,,,
0,3,1,,,,
0,2,1,,,,
0,3,1,,,,
0,3,1,,,,
0,2,1,,,,
0,4,1,,,,
0,3,1,,,,
0,3,1,,,,
0,3,1,,,,
0,5,1,,,,
0,3,1,,,,
0,2,1,,,,
0,2,1,,,,
0,4,1,,,,
0,5,1,,,,
0,3,1,,,,
0,3,1,,,,
0,3,1,,,,
0,3,1,,,,
0,3,1,,,,
0,2,1,,,,
0,4,1,,,,
0,2,1,,,,
0,2,1,,,,
0,4,1,,,,
0,4,1,,,,
0,3,1,,,,
0,5,1,,,,
0,5,1,,,,
0,4,1,,,,
0,2,1,,,,
0,3,1,,,,
0,3,1,,,,
0,4,1,,,,
0,4,1,,,,
0,3,1,,,,
0,4,1,,,,
0,5,1,,,,
0,4,1,,,,
0,3,1,,,,
0,4,1,,,,
0,3,1,,,,
0,4,1,,,,
0,4,1,,,,
0,3,1,,,,
0,5,1,,,,
0,4,1,,,,
0,4,1,,,,
0,4,1,,,,
0,3,1,,,,
0,3,1,,,,
0,3,1,,,,
0,2,1,,,,
0,3,1,,,,
0,5,1,,,,
0,3,1,,,,
0,4,1,,,,
0,4,1,,,,
0,3,1,,,,
0,5,1,,,,
0,4,1,,,,
0,3,1,,,,
0,3,1,,,,
0,3,1,,,,
0,3,1,,,,
0,4,1,,,,
0,4,1,,,,
0,4,1,,,,
0,3,1,,,,
0,3,1,,,,
0,4,1,,,,
0,4,1,,,,
0,3,1,,,,
0,5,1,,,,
0,5,1,,,,
0,4,1,,,,
0,3,1,,,,
0,4,1,,,,
0,3,1,,,,
0,5,1,,,,
0,4,1,,,,
0,4,1,,,,
0,4,1,,,,
0,3,1,,,,
0,4,1,,,,
0,5,1,,,,
0,1,1,,,,
0,3,1,,,,
0,3,1,,,,
0,4,1,,,,
0,4,1,,,,
0,4,1,,,,
0,4,1,,,,
0,4,1,,,,
0,4,1,,,,
0,5,1,,,,
0,4,1,,,,
0,4,1,,,,
0,5,1,,,,
0,3,1,,,,
0,2,1,,,,
0,4,1,,,,
0,3,1,,,,
0,3,1,,,,
0,2,1,,,,
0,4,1,,,,
0,5,1,,,,
0,3,1,,,,
0,4,1,,,,
0,3,1,,,,
0,4,1,,,,
0,3,1,,,,
0,4,1,,,,
0,4,1,,,,
0,4,1,,,,
0,3,1,,,,
0,4,1,,,,
0,5,1,,,,
0,4,1,,,,
0,3,1,,,,
0,5,1,,,,
0,4,1,,,,
0,1,1,,,,
0,4,1,,,,
0,4,1,,,,
0,3,1,,,,
0,5,1,,,,
0,4,1,,,,
0,4,1,,,,
0,2,1,,,,
0,5,1,,,,
0,6,1,,,,
0,3,1,,,,
0,3,1,,,,
0,3,1,,,,
0,3,1,,,,
0,6,1,,,,
0,5,1,,,,
0,5,1,,,,
0,3,1,,,,
0,4,1,,,,
0,4,1,,,,
0,3,1,,,,
0,3,1,,,,
0,2,1,,,,
0,3,1,,,,
0,4,1,,,,
0,4,1,,,,
0,4,1,,,,
0,4,1,,,,
0,3,1,,,,
0,4,1,,,,
0,3,1,,,,
0,4,1,,,,
0,4,1,,,,
0,5,1,,,,
0,4,1,,,,
0,2,1,,,,
0,3,1,,,,
0,4,1,,,,
0,3,1,,,,
0,4,1,,,,
0,4,1,,,,
0,3,1,,,,
0,5,1,,,,
0,4,1,,,,
0,3,1,,,,
0,5,1,,,,
0,2,1,,,,
0,3,1,,,,
0,4,1,,,,
0,3,1,,,,
0,3,1,,,,
0,3,1,,,,
0,3,1,,,,
0,2,1,,,,
0,4,1,,,,
0,5,1,,,,
0,4,1,,,,
0,3,1,,,,
0,3,1,,,,
0,3,1,,,,
0,4,1,,,,
0,3,1,,,,
0,3,1,,,,
0,4,1,,,,
0,5,1,,,,
0,2,1,,,,
0,4,1,,,,
0,4,1,,,,
0,1,1,,,,
0,3,1,,,,
0,3,1,,,,
0,3,1,,,,
0,3,1,,,,
0,3,1,,,,
0,3,1,,,,
0,4,1,,,,
0,4,1,,,,
0,4,1,,,,
0,4,1,,,,
0,3,1,,,,
0,3,1,,,,
0,4,1,,,,
0,5,1,,,,
0,5,1,,,,
0,4,1,,,,
0,4,1,,,,
0,3,1,,,,
0,5,1,,,,
0,3,1,,,,
0,4,1,,,,
0,3,1,,,,
0,5,1,,,,
0,4,1,,,,
0,4,1,,,,
0,3,1,,,,
0,1,1,,,,
0,3,1,,,,
0,2,1,,,,
0,3,1,,,,
0,3,1,,,,
0,3,1,,,,
0,4,1,,,,
0,3,1,,,,
0,2,1,,,,
0,4,1,,,,
0,3,1,,,,
0,5,1,,,,
0,5,1,,,,
0,3,1,,,,
0,3,1,,,,
0,2,1,,,,
0,3,1,,,,
0,4,1,,,,
0,3,1,,,,
0,4,1,,,,
0,4,1,,,,
0,3,1,,,,
0,3,1,,,,
0,4,1,,,,
0,3,1,,,,
0,5,1,,,,
0,5,1,,,,
0,4,1,,,,
0,2,1,,,,
0,4,1,,,,
0,3,1,,,,
0,4,1,,,,
0,4,1,,,,
0,2,1,,,,
0,4,1,,,,
0,3,1,,,,
0,2,1,,,,
0,4,1,,,,
0,3,1,,,,
0,2,1,,,,
0,3,1,,,,
0,5,1,,,,
0,3,1,,,,
0,3,1,,,,
0,5,1,,,,
0,5,1,,,,
0,3,1,,,,
0,4,1,,,,
0,4,1,,,,
0,5,1,,,,
0,3,1,,,,
0,4,1,,,,
0,4,1,,,,
0,3,1,,,,
0,4,1,,,,
0,5,1,,,,
0,5,1,,,,
0,2,1,,,,
0,5,1,,,,
0,4,1,,,,
0,4,1,,,,
0,2,1,,,,
0,4,1,,,,
0,3,1,,,,
0,4,1,,,,
0,4,1,,,,
0,3,1,,,,
0,3,1,,,,
0,3,1,,,,
0,2,1,,,,
0,5,1,,,,
0,3,1,,,,
0,4,1,,,,
0,4,1,,,,
0,3,1,,,,
0,1,1,,,,
0,2,1,,,,
0,3,1,,,,
0,3,1,,,,
0,3,1,,,,
0,3,1,,,,
0,5,1,,,,
0,5,1,,,,
0,4,1,,,,
0,3,1,,,,
0,5,1,,,,
0,4,1,,,,
0,4,1,,,,
0,4,1,,,,
0,3,1,,,,
0,4,1,,,,
0,4,1,,,,
0,3,1,,,,
0,3,1,,,,
0,3,1,,,,
0,4,1,,,,
0,4,1,,,,
0,3,1,,,,
0,3,1,,,,
0,2,1,,,,
0,2,1,,,,
0,4,1,,,,
0,3,1,,,,
0,5,1,,,,
0,3,1,,,,
0,4,1,,,,
0,5,1,,,,
0,5,1,,,,
0,3,1,,,,
0,4,1,,,,
0,4,1,,,,
0,4,1,,,,
0,3,1,,,,
0,4,1,,,,
0,4,1,,,,
0,4,1,,,,
0,4,1,,,,
0,5,1,,,,
0,3,1,,,,
0,5,1,,,,
0,3,1,,,,
0,3,1,,,,
0,4,1,,,,
0,4,1,,,,
0,5,1,,,,
0,4,1,,,,
0,5,1,,,,
0,3,1,,,,
0,5,1,,,,
0,2,1,,,,
0,3,1,,,,
0,3,1,,,,
0,5,1,,,,
0,4,1,,,,
0,4,1,,,,
0,3,1,,,,
0,3,1,,,,
0,4,1,,,,
0,4,1,,,,
0,4,1,,,,
0,3,1,,,,
0,3,1,,,,
0,5,1,,,,
0,3,1,,,,
0,3,1,,,,
0,3,1,,,,
0,4,1,,,,
0,4,1,,,,
0,4,1,,,,
0,4,1,,,,
0,3,1,,,,
0,4,1,,,,
0,4,1,,,,
0,3,1,,,,
0,3,1,,,,
0,4,1,,,,
0,5,1,,,,
0,1,1,,,,
0,3,1,,,,
0,4,1,,,,
0,4,1,,,,
0,2,1,,,,
0,5,1,,,,
0,5,1,,,,
0,4,1,,,,
0,3,1,,,,
0,3,1,,,,
0,3,1,,,,
0,5,1,,,,
0,4,1,,,,
0,4,1,,,,
0,2,1,,,,
0,3,1,,,,
0,4,1,,,,
0,3,1,,,,
0,4,1,,,,
0,3,1,,,,
0,4,1,,,,
0,4,1,,,,
0,4,1,,,,
0,5,1,,,,
0,4,1,,,,
0,3,1,,,,
0,2,1,,,,
0,3,1,,,,
0,4,1,,,,
0,3,1,,,,
0,2,1,,,,
0,3,1,,,,
0,4,1,,,,
0,4,1,,,,
0,5,1,,,,
0,4,1,,,,
0,2,1,,,,
0,4,1,,,,
0,4,1,,,,
0,4,1,,,,
0,5,1,,,,
0,4,1,,,,
0,4,1,,,,
0,4,1,,,,
0,3,1,,,,
0,4,1,,,,
0,3,1,,,,
0,4,1,,,,
0,4,1,,,,
0,3,1,,,,
0,4,1,,,,
0,4,1,,,,
0,4,1,,,,
0,4,1,,,,
0,5,1,,,,
0,4,1,,,,
0,3,1,,,,
0,5,1,,,,
0,4,1,,,,
0,3,1,,,,
0,4,1,,,,
0,5,1,,,,
0,4,1,,,,
0,3,1,,,,
0,3,1,,,,
0,4,1,,,,
0,5,1,,,,
0,4,1,,,,
0,4,1,,,,
0,3,1,,,,
0,3,1,,,,
0,3,1,,,,
0,3,1,,,,
0,3,1,,,,
0,3,1,,,,
0,3,1,,,,
0,5,1,,,,
0,4,1,,,,
0,4,1,,,,
0,5,1,,,,
0,4,1,,,,
0,5,1,,,,
0,4,1,,,,
0,5,1,,,,
0,4,1,,,,
0,4,1,,,,
0,4,1,,,,
0,3,1,,,,
0,5,1,,,,
0,3,1,,,,
0,3,1,,,,
0,4,1,,,,
0,4,1,,,,
0,4,1,,,,
0,3,1,,,,
0,3,1,,,,
0,5,1,,,,
0,4,1,,,,
0,3,1,,,,
0,4,1,,,,
0,3,1,,,,
0,2,1,,,,
0,4,1,,,,
0,3,1,,,,
0,3,1,,,,
0,4,1,,,,
0,5,1,,,,
0,3,1,,,,
0,5,1,,,,
0,5,1,,,,
0,4,1,,,,
0,3,1,,,,
0,4,1,,,,
0,3,1,,,,
0,4,1,,,,
0,3,1,,,,
0,5,1,,,,
0,3,1,,,,
0,3,1,,,,
0,3,1,,,,
0,4,1,,,,
0,4,1,,,,
0,5,1,,,,
0,3,1,,,,
0,3,1,,,,
0,4,1,,,,
0,4,1,,,,
0,3,1,,,,
0,3,1,,,,
0,3,1,,,,
0,2,1,,,,
0,4,1,,,,
0,4,1,,,,
0,3,1,,,,
0,3,1,,,,
0,3,1,,,,
0,6,1,,,,
0,4,1,,,,
0,2,1,,,,
0,4,1,,,,
0,4,1,,,,
0,4,1,,,,
0,4,1,,,,
0,5,1,,,,
0,4,1,,,,
0,3,1,,,,
0,3,1,,,,
0,4,1,,,,
0,4,1,,,,
0,4,1,,,,
0,3,1,,,,
0,4,1,,,,
0,4,1,,,,
0,4,1,,,,
0,4,1,,,,
0,2,1,,,,
0,3,1,,,,
0,4,1,,,,
0,5,1,,,,
0,4,1,,,,
0,5,1,,,,
0,4,1,,,,
0,5,1,,,,
0,3,1,,,,
0,3,1,,,,
0,4,1,,,,
0,5,1,,,,
0,4,1,,,,
0,3,1,,,,
0,3,1,,,,
0,4,1,,,,
0,4,1,,,,
0,4,1,,,,
0,4,1,,,,
0,4,1,,,,
0,4,1,,,,
0,4,1,,,,
0,4,1,,,,
0,3,1,,,,
0,3,1,,,,
0,4,1,,,,
0,5,1,,,,
0,4,1,,,,
0,4,1,,,,
0,4,1,,,,
0,6,1,,,,
0,3,1,,,,
0,4,1,,,,
0,4,1,,,,
0,2,1,,,,
0,3,1,,,,
0,1,1,,,,
0,3,1,,,,
0,4,1,,,,
0,2,1,,,,
0,5,1,,,,
0,4,1,,,,
0,2,1,,,,
0,3,1,,,,
0,4,1,,,,
0,4,1,,,,
0,4,1,,,,
0,3,1,,,,
0,5,1,,,,
0,3,1,,,,
0,4,1,,,,
0,4,1,,,,
0,3,1,,,,
0,4,1,,,,
0,5,1,,,,
0,3,1,,,,
0,3,1,,,,
0,5,1,,,,
0,3,1,,,,
0,5,1,,,,
0,5,1,,,,
0,3,1,,,,
0,3,1,,,,
0,4,1,,,,
0,2,1,,,,
0,3,1,,,,
0,4,1,,,,
0,3,1,,,,
0,3,1,,,,
0,3,1,,,,
0,4,1,,,,
0,3,1,,,,
0,3,1,,,,
0,3,1,,,,
0,5,1,,,,
0,3,1,,,,
0,4,1,,,,
0,4,1,,,,
0,3,1,,,,
0,4,1,,,,
0,5,1,,,,
0,4,1,,,,
0,4,1,,,,
0,5,1,,,,
0,2,1,,,,
0,4,1,,,,
0,3,1,,,,
0,3,1,,,,
0,3,1,,,,
0,4,1,,,,
0,4,1,,,,
0,5,1,,,,
0,2,1,,,,
0,3,1,,,,
0,4,1,,,,
0,3,1,,,,
0,4,1,,,,
0,3,1,,,,
0,4,1,,,,
0,3,1,,,,
0,2,1,,,,
0,4,1,,,,
0,4,1,,,,
0,4,1,,,,
0,6,1,,,,
0,3,1,,,,
0,4,1,,,,
0,4,1,,,,
0,2,1,,,,
0,2,1,,,,
0,3,1,,,,
0,4,1,,,,
0,4,1,,,,
0,3,1,,,,
0,4,1,,,,
0,4,1,,,,
0,4,1,,,,
0,3,1,,,,
0,2,1,,,,
0,4,1,,,,
0,3,1,,,,
0,4,1,,,,
0,3,1,,,,
0,4,1,,,,
0,3,1,,,,
0,3,1,,,,
0,4,1,,,,
0,4,1,,,,
0,2,1,,,,
0,4,1,,,,
0,2,1,,,,
0,4,1,,,,
0,4,1,,,,
0,4,1,,,,
0,3,1,,,,
0,3,1,,,,
0,5,1,,,,
0,2,1,,,,
0,3,1,,,,
0,2,1,,,,
0,2,1,,,,
0,4,1,,,,
0,3,1,,,,
0,4,1,,,,
0,4,1,,,,
0,3,1,,,,
0,4,1,,,,
0,3,1,,,,
0,4,1,,,,
0,2,1,,,,
0,3,1,,,,
0,3,1,,,,
0,3,1,,,,
0,4,1,,,,
0,3,1,,,,
0,4,1,,,,
0,3,1,,,,
0,2,1,,,,
0,3,1,,,,
0,2,1,,,,
0,2,1,,,,
0,4,1,,,,
0,2,1,,,,
0,4,1,,,,
0,5,1,,,,
0,2,1,,,,
0,4,1,,,,
0,3,1,,,,
0,4,1,,,,
0,4,1,,,,
0,3,1,,,,
0,2,1,,,,
0,3,1,,,,
0,4,1,,,,
0,2,1,,,,
0,4,1,,,,
0,3,1,,,,
0,4,1,,,,
0,3,1,,,,
0,3,1,,,,
0,5,1,,,,
0,4,1,,,,
0,3,1,,,,
0,2,1,,,,
0,5,1,,,,
0,4,1,,,,
0,2,1,,,,
0,4,1,,,,
0,3,1,,,,
0,3,1,,,,
0,1,1,,,,
0,3,1,,,,
0,3,1,,,,
0,4,1,,,,
0,3,1,,,,
0,4,1,,,,
0,3,1,,,,
0,4,1,,,,
0,3,1,,,,
0,3,1,,,,
0,4,1,,,,
0,4,1,,,,
0,5,1,,,,
0,3,1,,,,
0,4,1,,,,
0,4,1,,,,
0,4,1,,,,
0,2,1,,,,
0,5,1,,,,
0,4,1,,,,
0,4,1,,,,
0,4,1,,,,
0,4,1,,,,
0,4,1,,,,
0,4,1,,,,
0,3,1,,,,
0,3,1,,,,
0,4,1,,,,
0,3,1,,,,
0,3,1,,,,
0,5,1,,,,
0,4,1,,,,
0,3,1,,,,
0,6,1,,,,
0,5,1,,,,
0,4,1,,,,
0,4,1,,,,
0,4,1,,,,
0,4,1,,,,
0,6,1,,,,
0,2,1,,,,
0,2,1,,,,
0,3,1,,,,
0,4,1,,,,
0,4,1,,,,
0,3,1,,,,
0,3,1,,,,
0,4,1,,,,
0,4,1,,,,
0,3,1,,,,
0,4,1,,,,
0,4,1,,,,
0,4,1,,,,
0,4,1,,,,
0,3,1,,,,
0,4,1,,,,
0,4,1,,,,
0,5,1,,,,
0,4,1,,,,
0,3,1,,,,
0,3,1,,,,
0,4,1,,,,
0,5,1,,,,
0,3,1,,,,
0,5,1,,,,
0,2,1,,,,
0,4,1,,,,
0,3,1,,,,
0,4,1,,,,
0,5,1,,,,
0,4,1,,,,
0,3,1,,,,
0,5,1,,,,
0,3,1,,,,
0,4,1,,,,
0,4,1,,,,
0,3,1,,,,
0,4,1,,,,
0,3,1,,,,
0,3,1,,,,
0,4,1,,,,
0,3,1,,,,
0,4,1,,,,
0,2,1,,,,
0,3,1,,,,
0,5,1,,,,
0,3,1,,,,
0,4,1,,,,
0,4,1,,,,
0,4,1,,,,
0,4,1,,,,
0,5,1,,,,
0,3,1,,,,
0,3,1,,,,
0,3,1,,,,
0,2,1,,,,
0,4,1,,,,
0,3,1,,,,
0,4,1,,,,
0,4,1,,,,
0,3,1,,,,
0,4,1,,,,
0,4,1,,,,
0,2,1,,,,
0,4,1,,,,
0,3,1,,,,
0,3,1,,,,
0,4,1,,,,
0,4,1,,,,
0,3,1,,,,
0,4,1,,,,
0,2,1,,,,
0,3,1,,,,
0,4,1,,,,
0,3,1,,,,
0,4,1,,,,
0,4,1,,,,
0,3,1,,,,
0,4,1,,,,
0,4,1,,,,
0,4,1,,,,
0,5,1,,,,
0,4,1,,,,
0,4,1,,,,
0,4,1,,,,
0,3,1,,,,
0,4,1,,,,
0,2,1,,,,
0,4,1,,,,
0,4,1,,,,
0,4,1,,,,
0,4,1,,,,
0,2,1,,,,
0,4,1,,,,
0,3,1,,,,
0,3,1,,,,
0,4,1,,,,
0,3,1,,,,
0,3,1,,,,
0,4,1,,,,
0,3,1,,,,
0,4,1,,,,
0,3,1,,,,
0,4,1,,,,
0,4,1,,,,
0,4,1,,,,
0,4,1,,,,
0,5,1,,,,
0,4,1,,,,
0,4,1,,,,
0,4,1,,,,
0,3,1,,,,
0,3,1,,,,
0,4,1,,,,
0,3,1,,,,
0,5,1,,,,
0,3,1,,,,
0,5,1,,,,
0,1,1,,,,
0,4,1,,,,
0,4,1,,,,
0,3,1,,,,
0,4,1,,,,
0,3,1,,,,
0,3,1,,,,
0,3,1,,,,
0,3,1,,,,
0,4,1,,,,
0,4,1,,,,
0,3,1,,,,
0,5,1,,,,
0,4,1,,,,
0,2,1,,,,
0,2,1,,,,
0,5,1,,,,
0,4,1,,,,
0,3,1,,,,
0,6,1,,,,
0,4,1,,,,
0,3,1,,,,
0,4,1,,,,
0,5,1,,,,
0,4,1,,,,
0,3,1,,,,
0,3,1,,,,
0,3,1,,,,
0,3,1,,,,
0,4,1,,,,
0,4,1,,,,
0,4,1,,,,
0,3,1,,,,
0,5,1,,,,
0,4,1,,,,
0,5,1,,,,
0,4,1,,,,
0,2,1,,,,
0,3,1,,,,
0,4,1,,,,
0,3,1,,,,
0,4,1,,,,
0,4,1,,,,
0,3,1,,,,
0,4,1,,,,
0,4,1,,,,
0,3,1,,,,
0,4,1,,,,
0,2,1,,,,
0.5,3,2,,,,
0.5,3,2,,,,
0.5,5,2,,,,
0.5,2,2,,,,
0.5,3,2,,,,
0.5,2,2,,,,
0.5,4,2,,,,
0.5,2,2,,,,
0.5,4,2,,,,
0.5,3,2,,,,
0.5,4,2,,,,
0.5,3,2,,,,
0.5,4,2,,,,
0.5,3,2,,,,
0.5,3,2,,,,
0.5,5,2,,,,
0.5,4,2,,,,
0.5,3,2,,,,
0.5,3,2,,,,
0.5,5,2,,,,
0.5,5,2,,,,
0.5,2,2,,,,
0.5,3,2,,,,
0.5,3,2,,,,
0.5,4,2,,,,
0.5,4,2,,,,
0.5,4,2,,,,
0.5,5,2,,,,
0.5,4,2,,,,
0.5,3,2,,,,
0.5,4,2,,,,
0.5,4,2,,,,
0.5,5,2,,,,
0.5,4,2,,,,
0.5,3,2,,,,
0.5,3,2,,,,
0.5,4,2,,,,
0.5,3,2,,,,
0.5,3,2,,,,
0.5,3,2,,,,
0.5,4,2,,,,
0.5,4,2,,,,
0.5,4,2,,,,
0.5,2,2,,,,
0.5,3,2,,,,
0.5,4,2,,,,
0.5,4,2,,,,
0.5,4,2,,,,
0.5,2,2,,,,
0.5,4,2,,,,
0.5,5,2,,,,
0.5,3,2,,,,
0.5,4,2,,,,
0.5,4,2,,,,
0.5,4,2,,,,
0.5,4,2,,,,
0.5,3,2,,,,
0.5,3,2,,,,
0.5,3,2,,,,
0.5,4,2,,,,
0.5,2,2,,,,
0.5,4,2,,,,
0.5,3,2,,,,
0.5,5,2,,,,
0.5,4,2,,,,
0.5,3,2,,,,
0.5,5,2,,,,
0.5,3,2,,,,
0.5,4,2,,,,
0.5,3,2,,,,
0.5,4,2,,,,
0.5,2,2,,,,
0.5,4,2,,,,
0.5,3,2,,,,
0.5,4,2,,,,
0.5,3,2,,,,
0.5,4,2,,,,
0.5,4,2,,,,
0.5,4,2,,,,
0.5,4,2,,,,
0.5,3,2,,,,
0.5,2,2,,,,
0.5,4,2,,,,
0.5,4,2,,,,
0.5,3,2,,,,
0.5,3,2,,,,
0.5,5,2,,,,
0.5,3,2,,,,
0.5,5,2,,,,
0.5,5,2,,,,
0.5,5,2,,,,
0.5,4,2,,,,
0.5,5,2,,,,
0.5,4,2,,,,
0.5,2,2,,,,
0.5,3,2,,,,
0.5,4,2,,,,
0.5,2,2,,,,
0.5,4,2,,,,
0.5,4,2,,,,
0.5,5,2,,,,
0.5,4,2,,,,
0.5,4,2,,,,
0.5,4,2,,,,
0.5,4,2,,,,
0.5,2,2,,,,
0.5,5,2,,,,
0.5,4,2,,,,
0.5,4,2,,,,
0.5,3,2,,,,
0.5,2,2,,,,
0.5,5,2,,,,
0.5,2,2,,,,
0.5,5,2,,,,
0.5,3,2,,,,
0.5,4,2,,,,
0.5,5,2,,,,
0.5,4,2,,,,
0.5,4,2,,,,
0.5,3,2,,,,
0.5,3,2,,,,
0.5,4,2,,,,
0.5,3,2,,,,
0.5,4,2,,,,
0.5,4,2,,,,
0.5,4,2,,,,
0.5,4,2,,,,
0.5,4,2,,,,
0.5,4,2,,,,
0.5,4,2,,,,
0.5,5,2,,,,
0.5,3,2,,,,
0.5,5,2,,,,
0.5,5,2,,,,
0.5,3,2,,,,
0.5,4,2,,,,
0.5,3,2,,,,
0.5,4,2,,,,
0.5,2,2,,,,
0.5,2,2,,,,
0.5,4,2,,,,
0.5,5,2,,,,
0.5,4,2,,,,
0.5,4,2,,,,
0.5,3,2,,,,
0.5,3,2,,,,
0.5,5,2,,,,
0.5,5,2,,,,
0.5,4,2,,,,
0.5,2,2,,,,
0.5,3,2,,,,
0.5,3,2,,,,
0.5,4,2,,,,
0.5,5,2,,,,
0.5,2,2,,,,
0.5,4,2,,,,
0.5,4,2,,,,
0.5,4,2,,,,
0.5,4,2,,,,
0.5,4,2,,,,
0.5,4,2,,,,
0.5,4,2,,,,
0.5,3,2,,,,
0.5,4,2,,,,
0.5,3,2,,,,
0.5,4,2,,,,
0.5,4,2,,,,
0.5,3,2,,,,
0.5,2,2,,,,
0.5,4,2,,,,
0.5,5,2,,,,
0.5,3,2,,,,
0.5,4,2,,,,
0.5,4,2,,,,
0.5,3,2,,,,
0.5,5,2,,,,
0.5,3,2,,,,
0.5,4,2,,,,
0.5,1,2,,,,
0.5,4,2,,,,
0.5,4,2,,,,
0.5,5,2,,,,
0.5,3,2,,,,
0.5,4,2,,,,
0.5,3,2,,,,
0.5,4,2,,,,
0.5,4,2,,,,
0.5,4,2,,,,
0.5,3,2,,,,
0.5,4,2,,,,
0.5,4,2,,,,
0.5,3,2,,,,
0.5,4,2,,,,
0.5,3,2,,,,
0.5,4,2,,,,
0.5,5,2,,,,
0.5,4,2,,,,
0.5,3,2,,,,
0.5,1,2,,,,
0.5,5,2,,,,
0.5,4,2,,,,
0.5,4,2,,,,
0.5,4,2,,,,
0.5,4,2,,,,
0.5,4,2,,,,
0.5,3,2,,,,
0.5,4,2,,,,
0.5,3,2,,,,
0.5,4,2,,,,
0.5,4,2,,,,
0.5,4,2,,,,
0.5,3,2,,,,
0.5,5,2,,,,
0.5,4,2,,,,
0.5,3,2,,,,
0.5,4,2,,,,
0.5,4,2,,,,
0.5,5,2,,,,
0.5,3,2,,,,
0.5,3,2,,,,
0.5,4,2,,,,
0.5,7,2,,,,
0.5,4,2,,,,
0.5,3,2,,,,
0.5,3,2,,,,
0.5,1,2,,,,
0.5,4,2,,,,
0.5,4,2,,,,
0.5,5,2,,,,
0.5,2,2,,,,
0.5,5,2,,,,
0.5,3,2,,,,
0.5,4,2,,,,
0.5,4,2,,,,
0.5,2,2,,,,
0.5,3,2,,,,
0.5,5,2,,,,
0.5,1,2,,,,
0.5,3,2,,,,
0.5,3,2,,,,
0.5,3,2,,,,
0.5,4,2,,,,
0.5,4,2,,,,
0.5,4,2,,,,
0.5,5,2,,,,
0.5,3,2,,,,
0.5,2,2,,,,
0.5,3,2,,,,
0.5,3,2,,,,
0.5,4,2,,,,
0.5,4,2,,,,
0.5,4,2,,,,
0.5,2,2,,,,
0.5,4,2,,,,
0.5,3,2,,,,
0.5,3,2,,,,
0.5,3,2,,,,
0.5,1,2,,,,
0.5,6,2,,,,
0.5,2,2,,,,
0.5,5,2,,,,
0.5,3,2,,,,
0.5,5,2,,,,
0.5,3,2,,,,
0.5,3,2,,,,
0.5,4,2,,,,
0.5,4,2,,,,
0.5,3,2,,,,
0.5,2,2,,,,
0.5,1,2,,,,
0.5,3,2,,,,
0.5,4,2,,,,
0.5,4,2,,,,
0.5,4,2,,,,
0.5,3,2,,,,
0.5,3,2,,,,
0.5,4,2,,,,
0.5,3,2,,,,
0.5,4,2,,,,
0.5,3,2,,,,
0.5,4,2,,,,
0.5,4,2,,,,
0.5,4,2,,,,
0.5,4,2,,,,
0.5,3,2,,,,
0.5,2,2,,,,
0.5,5,2,,,,
0.5,5,2,,,,
0.5,4,2,,,,
0.5,3,2,,,,
0.5,3,2,,,,
0.5,3,2,,,,
0.5,3,2,,,,
0.5,4,2,,,,
0.5,4,2,,,,
0.5,2,2,,,,
0.5,4,2,,,,
0.5,3,2,,,,
0.5,3,2,,,,
0.5,3,2,,,,
0.5,2,2,,,,
0.5,5,2,,,,
0.5,5,2,,,,
0.5,4,2,,,,
0.5,2,2,,,,
0.5,4,2,,,,
0.5,4,2,,,,
0.5,4,2,,,,
0.5,3,2,,,,
0.5,4,2,,,,
0.5,3,2,,,,
0.5,3,2,,,,
0.5,5,2,,,,
0.5,4,2,,,,
0.5,4,2,,,,
0.5,5,2,,,,
0.5,2,2,,,,
0.5,3,2,,,,
0.5,4,2,,,,
0.5,2,2,,,,
0.5,4,2,,,,
0.5,3,2,,,,
0.5,3,2,,,,
0.5,3,2,,,,
0.5,4,2,,,,
0.5,1,2,,,,
0.5,4,2,,,,
0.5,4,2,,,,
0.5,4,2,,,,
0.5,3,2,,,,
0.5,3,2,,,,
0.5,4,2,,,,
0.5,4,2,,,,
0.5,3,2,,,,
0.5,4,2,,,,
0.5,3,2,,,,
0.5,5,2,,,,
0.5,5,2,,,,
0.5,2,2,,,,
0.5,3,2,,,,
0.5,5,2,,,,
0.5,4,2,,,,
0.5,3,2,,,,
0.5,4,2,,,,
0.5,3,2,,,,
0.5,3,2,,,,
0.5,3,2,,,,
0.5,4,2,,,,
0.5,4,2,,,,
0.5,3,2,,,,
0.5,4,2,,,,
0.5,4,2,,,,
0.5,2,2,,,,
0.5,4,2,,,,
0.5,3,2,,,,
0.5,5,2,,,,
0.5,4,2,,,,
0.5,3,2,,,,
0.5,4,2,,,,
0.5,5,2,,,,
0.5,4,2,,,,
0.5,3,2,,,,
0.5,5,2,,,,
0.5,6,2,,,,
0.5,4,2,,,,
0.5,4,2,,,,
0.5,4,2,,,,
0.5,3,2,,,,
0.5,5,2,,,,
0.5,4,2,,,,
0.5,3,2,,,,
0.5,3,2,,,,
0.5,2,2,,,,
0.5,4,2,,,,
0.5,4,2,,,,
0.5,4,2,,,,
0.5,6,2,,,,
0.5,4,2,,,,
0.5,4,2,,,,
0.5,4,2,,,,
0.5,3,2,,,,
0.5,4,2,,,,
0.5,3,2,,,,
0.5,3,2,,,,
0.5,4,2,,,,
0.5,4,2,,,,
0.5,2,2,,,,
0.5,4,2,,,,
0.5,2,2,,,,
0.5,5,2,,,,
0.5,4,2,,,,
0.5,2,2,,,,
0.5,4,2,,,,
0.5,1,2,,,,
0.5,3,2,,,,
0.5,2,2,,,,
0.5,5,2,,,,
0.5,4,2,,,,
0.5,4,2,,,,
0.5,5,2,,,,
0.5,5,2,,,,
0.5,4,2,,,,
0.5,2,2,,,,
0.5,5,2,,,,
0.5,3,2,,,,
0.5,3,2,,,,
0.5,3,2,,,,
0.5,4,2,,,,
0.5,5,2,,,,
0.5,5,2,,,,
0.5,4,2,,,,
0.5,4,2,,,,
0.5,4,2,,,,
0.5,4,2,,,,
0.5,2,2,,,,
0.5,4,2,,,,
0.5,4,2,,,,
0.5,5,2,,,,
0.5,2,2,,,,
0.5,4,2,,,,
0.5,3,2,,,,
0.5,3,2,,,,
0.5,4,2,,,,
0.5,5,2,,,,
0.5,5,2,,,,
0.5,4,2,,,,
0.5,5,2,,,,
0.5,3,2,,,,
0.5,4,2,,,,
0.5,3,2,,,,
0.5,4,2,,,,
0.5,3,2,,,,
0.5,4,2,,,,
0.5,3,2,,,,
0.5,5,2,,,,
0.5,3,2,,,,
0.5,4,2,,,,
0.5,5,2,,,,
0.5,2,2,,,,
0.5,4,2,,,,
0.5,4,2,,,,
0.5,3,2,,,,
0.5,3,2,,,,
0.5,4,2,,,,
0.5,3,2,,,,
0.5,4,2,,,,
0.5,4,2,,,,
0.5,2,2,,,,
0.5,4,2,,,,
0.5,4,2,,,,
0.5,5,2,,,,
0.5,4,2,,,,
0.5,4,2,,,,
0.5,3,2,,,,
0.5,3,2,,,,
0.5,4,2,,,,
0.5,4,2,,,,
0.5,5,2,,,,
0.5,3,2,,,,
0.5,4,2,,,,
0.5,4,2,,,,
0.5,4,2,,,,
0.5,5,2,,,,
0.5,3,2,,,,
0.5,5,2,,,,
0.5,3,2,,,,
0.5,3,2,,,,
0.5,4,2,,,,
0.5,4,2,,,,
0.5,3,2,,,,
0.5,5,2,,,,
0.5,3,2,,,,
0.5,4,2,,,,
0.5,4,2,,,,
0.5,4,2,,,,
0.5,2,2,,,,
0.5,2,2,,,,
0.5,3,2,,,,
0.5,3,2,,,,
0.5,4,2,,,,
0.5,3,2,,,,
0.5,1,2,,,,
0.5,5,2,,,,
0.5,4,2,,,,
0.5,3,2,,,,
0.5,1,2,,,,
0.5,4,2,,,,
0.5,4,2,,,,
0.5,1,2,,,,
0.5,3,2,,,,
0.5,5,2,,,,
0.5,5,2,,,,
0.5,4,2,,,,
0.5,3,2,,,,
0.5,4,2,,,,
0.5,4,2,,,,
0.5,3,2,,,,
0.5,3,2,,,,
0.5,4,2,,,,
0.5,4,2,,,,
0.5,3,2,,,,
0.5,5,2,,,,
0.5,2,2,,,,
0.5,4,2,,,,
0.5,4,2,,,,
0.5,4,2,,,,
0.5,4,2,,,,
0.5,5,2,,,,
0.5,4,2,,,,
0.5,4,2,,,,
0.5,5,2,,,,
0.5,4,2,,,,
0.5,4,2,,,,
0.5,3,2,,,,
0.5,2,2,,,,
0.5,4,2,,,,
0.5,4,2,,,,
0.5,4,2,,,,
0.5,3,2,,,,
0.5,4,2,,,,
0.5,5,2,,,,
0.5,3,2,,,,
0.5,3,2,,,,
0.5,3,2,,,,
0.5,3,2,,,,
0.5,4,2,,,,
0.5,3,2,,,,
0.5,4,2,,,,
0.5,3,2,,,,
0.5,2,2,,,,
0.5,4,2,,,,
0.5,4,2,,,,
0.5,4,2,,,,
0.5,4,2,,,,
0.5,3,2,,,,
0.5,3,2,,,,
0.5,4,2,,,,
0.5,3,2,,,,
0.5,4,2,,,,
0.5,2,2,,,,
0.5,4,2,,,,
0.5,4,2,,,,
0.5,3,2,,,,
0.5,5,2,,,,
0.5,3,2,,,,
0.5,5,2,,,,
0.5,2,2,,,,
0.5,4,2,,,,
0.5,5,2,,,,
0.5,3,2,,,,
0.5,6,2,,,,
0.5,3,2,,,,
0.5,3,2,,,,
0.5,4,2,,,,
0.5,4,2,,,,
0.5,4,2,,,,
0.5,4,2,,,,
0.5,3,2,,,,
0.5,3,2,,,,
0.5,3,2,,,,
0.5,3,2,,,,
0.5,5,2,,,,
0.5,4,2,,,,
0.5,5,2,,,,
0.5,3,2,,,,
0.5,4,2,,,,
0.5,2,2,,,,
0.5,5,2,,,,
0.5,4,2,,,,
0.5,3,2,,,,
0.5,4,2,,,,
0.5,5,2,,,,
0.5,6,2,,,,
0.5,4,2,,,,
0.5,3,2,,,,
0.5,3,2,,,,
0.5,4,2,,,,
0.5,2,2,,,,
0.5,3,2,,,,
0.5,4,2,,,,
0.5,4,2,,,,
0.5,3,2,,,,
0.5,4,2,,,,
0.5,2,2,,,,
0.5,3,2,,,,
0.5,5,2,,,,
0.5,2,2,,,,
0.5,4,2,,,,
0.5,5,2,,,,
0.5,5,2,,,,
0.5,4,2,,,,
0.5,4,2,,,,
0.5,3,2,,,,
0.5,5,2,,,,
0.5,4,2,,,,
0.5,4,2,,,,
0.5,4,2,,,,
0.5,3,2,,,,
0.5,3,2,,,,
0.5,4,2,,,,
0.5,2,2,,,,
0.5,4,2,,,,
0.5,4,2,,,,
0.5,4,2,,,,
0.5,4,2,,,,
0.5,3,2,,,,
0.5,2,2,,,,
0.5,3,2,,,,
0.5,4,2,,,,
0.5,2,2,,,,
0.5,3,2,,,,
0.5,4,2,,,,
0.5,2,2,,,,
0.5,5,2,,,,
0.5,4,2,,,,
0.5,4,2,,,,
0.5,3,2,,,,
0.5,4,2,,,,
0.5,3,2,,,,
0.5,3,2,,,,
0.5,4,2,,,,
0.5,3,2,,,,
0.5,3,2,,,,
0.5,4,2,,,,
0.5,5,2,,,,
0.5,4,2,,,,
0.5,4,2,,,,
0.5,3,2,,,,
0.5,2,2,,,,
0.5,4,2,,,,
0.5,4,2,,,,
0.5,5,2,,,,
0.5,4,2,,,,
0.5,4,2,,,,
0.5,4,2,,,,
0.5,4,2,,,,
0.5,4,2,,,,
0.5,4,2,,,,
0.5,4,2,,,,
0.5,3,2,,,,
0.5,4,2,,,,
0.5,4,2,,,,
0.5,4,2,,,,
0.5,3,2,,,,
0.5,3,2,,,,
0.5,3,2,,,,
0.5,3,2,,,,
0.5,4,2,,,,
0.5,4,2,,,,
0.5,1,2,,,,
0.5,3,2,,,,
0.5,4,2,,,,
0.5,4,2,,,,
0.5,4,2,,,,
0.5,4,2,,,,
0.5,3,2,,,,
0.5,4,2,,,,
0.5,3,2,,,,
0.5,5,2,,,,
0.5,4,2,,,,
0.5,2,2,,,,
0.5,3,2,,,,
0.5,3,2,,,,
0.5,4,2,,,,
0.5,5,2,,,,
0.5,4,2,,,,
0.5,4,2,,,,
0.5,2,2,,,,
0.5,4,2,,,,
0.5,4,2,,,,
0.5,3,2,,,,
0.5,3,2,,,,
0.5,5,2,,,,
0.5,4,2,,,,
0.5,3,2,,,,
0.5,5,2,,,,
0.5,3,2,,,,
0.5,5,2,,,,
0.5,5,2,,,,
0.5,4,2,,,,
0.5,4,2,,,,
0.5,3,2,,,,
0.5,3,2,,,,
0.5,2,2,,,,
0.5,1,2,,,,
0.5,4,2,,,,
0.5,4,2,,,,
0.5,3,2,,,,
0.5,5,2,,,,
0.5,5,2,,,,
0.5,3,2,,,,
0.5,3,2,,,,
0.5,5,2,,,,
0.5,4,2,,,,
0.5,2,2,,,,
0.5,5,2,,,,
0.5,2,2,,,,
0.5,4,2,,,,
0.5,4,2,,,,
0.5,5,2,,,,
0.5,2,2,,,,
0.5,3,2,,,,
0.5,3,2,,,,
0.5,3,2,,,,
0.5,4,2,,,,
0.5,5,2,,,,
0.5,2,2,,,,
0.5,2,2,,,,
0.5,4,2,,,,
0.5,4,2,,,,
0.5,5,2,,,,
0.5,4,2,,,,
0.5,3,2,,,,
0.5,4,2,,,,
0.5,5,2,,,,
0.5,3,2,,,,
0.5,3,2,,,,
0.5,3,2,,,,
0.5,4,2,,,,
0.5,5,2,,,,
0.5,4,2,,,,
0.5,4,2,,,,
0.5,4,2,,,,
0.5,4,2,,,,
0.5,4,2,,,,
0.5,5,2,,,,
0.5,3,2,,,,
0.5,3,2,,,,
0.5,4,2,,,,
0.5,4,2,,,,
0.5,4,2,,,,
0.5,5,2,,,,
0.5,4,2,,,,
0.5,3,2,,,,
0.5,4,2,,,,
0.5,4,2,,,,
0.5,3,2,,,,
0.5,3,2,,,,
0.5,3,2,,,,
0.5,4,2,,,,
0.5,3,2,,,,
0.5,4,2,,,,
0.5,3,2,,,,
0.5,3,2,,,,
0.5,5,2,,,,
0.5,3,2,,,,
0.5,3,2,,,,
0.5,4,2,,,,
0.5,4,2,,,,
0.5,4,2,,,,
0.5,4,2,,,,
0.5,2,2,,,,
0.5,5,2,,,,
0.5,3,2,,,,
0.5,4,2,,,,
0.5,2,2,,,,
0.5,4,2,,,,
0.5,3,2,,,,
0.5,3,2,,,,
0.5,3,2,,,,
0.5,5,2,,,,
0.5,3,2,,,,
0.5,4,2,,,,
0.5,3,2,,,,
0.5,3,2,,,,
0.5,4,2,,,,
0.5,3,2,,,,
0.5,2,2,,,,
0.5,3,2,,,,
0.5,4,2,,,,
0.5,5,2,,,,
0.5,3,2,,,,
0.5,4,2,,,,
0.5,4,2,,,,
0.5,3,2,,,,
0.5,4,2,,,,
0.5,4,2,,,,
0.5,4,2,,,,
0.5,3,2,,,,
0.5,5,2,,,,
0.5,4,2,,,,
0.5,4,2,,,,
0.5,5,2,,,,
0.5,4,2,,,,
0.5,4,2,,,,
0.5,3,2,,,,
0.5,4,2,,,,
0.5,4,2,,,,
0.5,4,2,,,,
0.5,4,2,,,,
0.5,2,2,,,,
0.5,3,2,,,,
0.5,4,2,,,,
0.5,4,2,,,,
0.5,5,2,,,,
0.5,4,2,,,,
0.5,3,2,,,,
0.5,4,2,,,,
0.5,3,2,,,,
0.5,4,2,,,,
0.5,4,2,,,,
0.5,2,2,,,,
0.5,3,2,,,,
0.5,4,2,,,,
0.5,3,2,,,,
0.5,4,2,,,,
0.5,4,2,,,,
0.5,3,2,,,,
0.5,4,2,,,,
0.5,5,2,,,,
0.5,3,2,,,,
0.5,3,2,,,,
0.5,4,2,,,,
0.5,3,2,,,,
0.5,3,2,,,,
0.5,3,2,,,,
0.5,3,2,,,,
0.5,4,2,,,,
0.5,5,2,,,,
0.5,2,2,,,,
0.5,4,2,,,,
0.5,4,2,,,,
0.5,3,2,,,,
0.5,3,2,,,,
0.5,4,2,,,,
0.5,4,2,,,,
0.5,5,2,,,,
0.5,4,2,,,,
0.5,4,2,,,,
0.5,4,2,,,,
0.5,3,2,,,,
0.5,4,2,,,,
0.5,3,2,,,,
0.5,3,2,,,,
0.5,3,2,,,,
0.5,5,2,,,,
0.5,1,2,,,,
0.5,4,2,,,,
0.5,5,2,,,,
0.5,3,2,,,,
0.5,2,2,,,,
0.5,4,2,,,,
0.5,5,2,,,,
0.5,4,2,,,,
0.5,3,2,,,,
0.5,3,2,,,,
0.5,3,2,,,,
0.5,3,2,,,,
0.5,3,2,,,,
0.5,3,2,,,,
0.5,2,2,,,,
0.5,4,2,,,,
0.5,4,2,,,,
0.5,3,2,,,,
0.5,4,2,,,,
0.5,5,2,,,,
0.5,4,2,,,,
0.5,4,2,,,,
0.5,3,2,,,,
0.5,4,2,,,,
0.5,3,2,,,,
0.5,2,2,,,,
0.5,3,2,,,,
0.5,3,2,,,,
0.5,5,2,,,,
0.5,5,2,,,,
0.5,2,2,,,,
0.5,4,2,,,,
0.5,3,2,,,,
0.5,5,2,,,,
0.5,5,2,,,,
0.5,5,2,,,,
0.5,2,2,,,,
0.5,4,2,,,,
0.5,3,2,,,,
0.5,4,2,,,,
0.5,3,2,,,,
0.5,4,2,,,,
0.5,3,2,,,,
0.5,3,2,,,,
0.5,5,2,,,,
0.5,4,2,,,,
0.5,5,2,,,,
0.5,4,2,,,,
0.5,2,2,,,,
0.5,3,2,,,,
0.5,4,2,,,,
0.5,2,2,,,,
0.5,4,2,,,,
0.5,2,2,,,,
0.5,1,2,,,,
0.5,2,2,,,,
0.5,3,2,,,,
0.5,4,2,,,,
0.5,3,2,,,,
0.5,4,2,,,,
0.5,4,2,,,,
0.5,4,2,,,,
0.5,3,2,,,,
0.5,5,2,,,,
0.5,3,2,,,,
0.5,4,2,,,,
0.5,5,2,,,,
0.5,4,2,,,,
0.5,3,2,,,,
0.5,5,2,,,,
0.5,4,2,,,,
0.5,3,2,,,,
0.5,4,2,,,,
0.5,3,2,,,,
0.5,3,2,,,,
0.5,4,2,,,,
0.5,3,2,,,,
0.5,4,2,,,,
0.5,3,2,,,,
0.5,4,2,,,,
0.5,3,2,,,,
0.5,4,2,,,,
0.5,3,2,,,,
0.5,3,2,,,,
0.5,3,2,,,,
0.5,3,2,,,,
0.5,5,2,,,,
0.5,5,2,,,,
0.5,4,2,,,,
0.5,4,2,,,,
0.5,3,2,,,,
0.5,3,2,,,,
0.5,4,2,,,,
0.5,5,2,,,,
0.5,5,2,,,,
0.5,5,2,,,,
0.5,2,2,,,,
0.5,3,2,,,,
0.5,3,2,,,,
0.5,3,2,,,,
0.5,4,2,,,,
0.5,3,2,,,,
0.5,4,2,,,,
0.5,5,2,,,,
0.5,3,2,,,,
0.5,4,2,,,,
0.5,5,2,,,,
0.5,4,2,,,,
0.5,4,2,,,,
0.5,3,2,,,,
0.5,4,2,,,,
0.5,4,2,,,,
0.5,4,2,,,,
0.5,4,2,,,,
0.5,4,2,,,,
0.5,4,2,,,,
0.5,3,2,,,,
0.5,4,2,,,,
0.5,5,2,,,,
0.5,3,2,,,,
0.5,4,2,,,,
0.5,3,2,,,,
0.5,3,2,,,,
0.5,5,2,,,,
0.5,3,2,,,,
0.5,5,2,,,,
0.5,3,2,,,,
0.5,3,2,,,,
0.5,5,2,,,,
0.5,4,2,,,,
0.5,4,2,,,,
0.5,3,2,,,,
0.5,3,2,,,,
0.5,3,2,,,,
0.5,3,2,,,,
0.5,3,2,,,,
0.5,4,2,,,,
0.5,3,2,,,,
0.5,3,2,,,,
0.5,4,2,,,,
0.5,5,2,,,,
0.5,4,2,,,,
0.5,3,2,,,,
0.5,4,2,,,,
0.5,4,2,,,,
0.5,2,2,,,,
0.5,3,2,,,,
0.5,4,2,,,,
0.5,4,2,,,,
0.5,4,2,,,,
0.5,3,2,,,,
0.5,5,2,,,,
0.5,4,2,,,,
0.5,4,2,,,,
0.5,3,2,,,,
0.5,4,2,,,,
0.5,4,2,,,,
0.5,2,2,,,,
0.5,3,2,,,,
0.5,2,2,,,,
0.5,3,2,,,,
0.5,5,2,,,,
0.5,4,2,,,,
0.5,3,2,,,,
1,4,3,,,,
1,4,3,,,,
1,5,3,,,,
1,3,3,,,,
1,4,3,,,,
1,3,3,,,,
1,5,3,,,,
1,4,3,,,,
1,3,3,,,,
1,4,3,,,,
1,4,3,,,,
1,4,3,,,,
1,5,3,,,,
1,4,3,,,,
1,4,3,,,,
1,5,3,,,,
1,3,3,,,,
1,2,3,,,,
1,4,3,,,,
1,3,3,,,,
1,4,3,,,,
1,3,3,,,,
1,5,3,,,,
1,6,3,,,,
1,4,3,,,,
1,4,3,,,,
1,4,3,,,,
1,4,3,,,,
1,2,3,,,,
1,3,3,,,,
1,2,3,,,,
1,4,3,,,,
1,3,3,,,,
1,4,3,,,,
1,4,3,,,,
1,3,3,,,,
1,4,3,,,,
1,4,3,,,,
1,5,3,,,,
1,4,3,,,,
1,5,3,,,,
1,4,3,,,,
1,3,3,,,,
1,4,3,,,,
1,3,3,,,,
1,4,3,,,,
1,5,3,,,,
1,3,3,,,,
1,4,3,,,,
1,4,3,,,,
1,4,3,,,,
1,5,3,,,,
1,2,3,,,,
1,3,3,,,,
1,4,3,,,,
1,3,3,,,,
1,3,3,,,,
1,5,3,,,,
1,3,3,,,,
1,3,3,,,,
1,4,3,,,,
1,4,3,,,,
1,3,3,,,,
1,3,3,,,,
1,2,3,,,,
1,4,3,,,,
1,5,3,,,,
1,2,3,,,,
1,4,3,,,,
1,4,3,,,,
1,4,3,,,,
1,3,3,,,,
1,4,3,,,,
1,4,3,,,,
1,4,3,,,,
1,4,3,,,,
1,4,3,,,,
1,5,3,,,,
1,3,3,,,,
1,3,3,,,,
1,2,3,,,,
1,3,3,,,,
1,3,3,,,,
1,4,3,,,,
1,3,3,,,,
1,3,3,,,,
1,3,3,,,,
1,4,3,,,,
1,3,3,,,,
1,4,3,,,,
1,4,3,,,,
1,4,3,,,,
1,4,3,,,,
1,3,3,,,,
1,3,3,,,,
1,4,3,,,,
1,4,3,,,,
1,3,3,,,,
1,3,3,,,,
1,4,3,,,,
1,4,3,,,,
1,5,3,,,,
1,3,3,,,,
1,3,3,,,,
1,4,3,,,,
1,4,3,,,,
1,5,3,,,,
1,2,3,,,,
1,5,3,,,,
1,3,3,,,,
1,4,3,,,,
1,4,3,,,,
1,4,3,,,,
1,4,3,,,,
1,5,3,,,,
1,3,3,,,,
1,4,3,,,,
1,5,3,,,,
1,2,3,,,,
1,6,3,,,,
1,2,3,,,,
1,4,3,,,,
1,4,3,,,,
1,2,3,,,,
1,5,3,,,,
1,4,3,,,,
1,4,3,,,,
1,4,3,,,,
1,3,3,,,,
1,4,3,,,,
1,4,3,,,,
1,4,3,,,,
1,4,3,,,,
1,5,3,,,,
1,3,3,,,,
1,5,3,,,,
1,4,3,,,,
1,4,3,,,,
1,4,3,,,,
1,5,3,,,,
1,4,3,,,,
1,5,3,,,,
1,3,3,,,,
1,5,3,,,,
1,3,3,,,,
1,3,3,,,,
1,3,3,,,,
1,3,3,,,,
1,4,3,,,,
1,3,3,,,,
1,4,3,,,,
1,3,3,,,,
1,3,3,,,,
1,2,3,,,,
1,4,3,,,,
1,3,3,,,,
1,4,3,,,,
1,3,3,,,,
1,3,3,,,,
1,4,3,,,,
1,4,3,,,,
1,4,3,,,,
1,3,3,,,,
1,4,3,,,,
1,3,3,,,,
1,2,3,,,,
1,3,3,,,,
1,4,3,,,,
1,3,3,,,,
1,4,3,,,,
1,3,3,,,,
1,4,3,,,,
1,4,3,,,,
1,3,3,,,,
1,5,3,,,,
1,3,3,,,,
1,2,3,,,,
1,3,3,,,,
1,4,3,,,,
1,3,3,,,,
1,4,3,,,,
1,4,3,,,,
1,4,3,,,,
1,3,3,,,,
1,4,3,,,,
1,4,3,,,,
1,3,3,,,,
1,3,3,,,,
1,3,3,,,,
1,5,3,,,,
1,4,3,,,,
1,3,3,,,,
1,4,3,,,,
1,3,3,,,,
1,5,3,,,,
1,5,3,,,,
1,4,3,,,,
1,4,3,,,,
1,3,3,,,,
1,4,3,,,,
1,3,3,,,,
1,3,3,,,,
1,3,3,,,,
1,3,3,,,,
1,4,3,,,,
1,3,3,,,,
1,3,3,,,,
1,4,3,,,,
1,2,3,,,,
1,4,3,,,,
1,4,3,,,,
1,5,3,,,,
1,4,3,,,,
1,1,3,,,,
1,4,3,,,,
1,3,3,,,,
1,3,3,,,,
1,4,3,,,,
1,2,3,,,,
1,4,3,,,,
1,3,3,,,,
1,3,3,,,,
1,3,3,,,,
1,4,3,,,,
1,5,3,,,,
1,3,3,,,,
1,5,3,,,,
1,6,3,,,,
1,4,3,,,,
1,4,3,,,,
1,2,3,,,,
1,3,3,,,,
1,4,3,,,,
1,3,3,,,,
1,2,3,,,,
1,3,3,,,,
1,4,3,,,,
1,4,3,,,,
1,3,3,,,,
1,4,3,,,,
1,4,3,,,,
1,4,3,,,,
1,4,3,,,,
1,5,3,,,,
1,3,3,,,,
1,3,3,,,,
1,4,3,,,,
1,4,3,,,,
1,3,3,,,,
1,4,3,,,,
1,5,3,,,,
1,5,3,,,,
1,3,3,,,,
1,4,3,,,,
1,4,3,,,,
1,5,3,,,,
1,3,3,,,,
1,4,3,,,,
1,3,3,,,,
1,4,3,,,,
1,4,3,,,,
1,3,3,,,,
1,3,3,,,,
1,2,3,,,,
1,3,3,,,,
1,3,3,,,,
1,5,3,,,,
1,4,3,,,,
1,2,3,,,,
1,3,3,,,,
1,4,3,,,,
1,4,3,,,,
1,6,3,,,,
1,4,3,,,,
1,4,3,,,,
1,3,3,,,,
1,5,3,,,,
1,3,3,,,,
1,3,3,,,,
1,4,3,,,,
1,4,3,,,,
1,4,3,,,,
1,4,3,,,,
1,5,3,,,,
1,2,3,,,,
1,3,3,,,,
1,4,3,,,,
1,3,3,,,,
1,3,3,,,,
1,5,3,,,,
1,3,3,,,,
1,2,3,,,,
1,4,3,,,,
1,4,3,,,,
1,4,3,,,,
1,3,3,,,,
1,3,3,,,,
1,4,3,,,,
1,5,3,,,,
1,4,3,,,,
1,4,3,,,,
1,4,3,,,,
1,4,3,,,,
1,3,3,,,,
1,4,3,,,,
1,3,3,,,,
1,4,3,,,,
1,4,3,,,,
1,3,3,,,,
1,3,3,,,,
1,4,3,,,,
1,4,3,,,,
1,3,3,,,,
1,5,3,,,,
1,2,3,,,,
1,4,3,,,,
1,3,3,,,,
1,4,3,,,,
1,5,3,,,,
1,5,3,,,,
1,5,3,,,,
1,3,3,,,,
1,3,3,,,,
1,4,3,,,,
1,4,3,,,,
1,3,3,,,,
1,4,3,,,,
1,3,3,,,,
1,4,3,,,,
1,4,3,,,,
1,3,3,,,,
1,4,3,,,,
1,4,3,,,,
1,3,3,,,,
1,4,3,,,,
1,3,3,,,,
1,4,3,,,,
1,3,3,,,,
1,2,3,,,,
1,4,3,,,,
1,5,3,,,,
1,3,3,,,,
1,3,3,,,,
1,4,3,,,,
1,4,3,,,,
1,4,3,,,,
1,2,3,,,,
1,4,3,,,,
1,4,3,,,,
1,5,3,,,,
1,4,3,,,,
1,5,3,,,,
1,3,3,,,,
1,3,3,,,,
1,4,3,,,,
1,2,3,,,,
1,5,3,,,,
1,4,3,,,,
1,3,3,,,,
1,2,3,,,,
1,3,3,,,,
1,1,3,,,,
1,5,3,,,,
1,5,3,,,,
1,4,3,,,,
1,4,3,,,,
1,4,3,,,,
1,4,3,,,,
1,3,3,,,,
1,4,3,,,,
1,4,3,,,,
1,5,3,,,,
1,4,3,,,,
1,4,3,,,,
1,4,3,,,,
1,5,3,,,,
1,4,3,,,,
1,6,3,,,,
1,3,3,,,,
1,3,3,,,,
1,4,3,,,,
1,4,3,,,,
1,3,3,,,,
1,4,3,,,,
1,4,3,,,,
1,2,3,,,,
1,4,3,,,,
1,4,3,,,,
1,4,3,,,,
1,3,3,,,,
1,2,3,,,,
1,2,3,,,,
1,3,3,,,,
1,4,3,,,,
1,5,3,,,,
1,3,3,,,,
1,5,3,,,,
1,2,3,,,,
1,3,3,,,,
1,3,3,,,,
1,4,3,,,,
1,2,3,,,,
1,4,3,,,,
1,3,3,,,,
1,3,3,,,,
1,3,3,,,,
1,4,3,,,,
1,4,3,,,,
1,2,3,,,,
1,4,3,,,,
1,5,3,,,,
1,5,3,,,,
1,4,3,,,,
1,2,3,,,,
1,5,3,,,,
1,2,3,,,,
1,3,3,,,,
1,4,3,,,,
1,3,3,,,,
1,2,3,,,,
1,4,3,,,,
1,5,3,,,,
1,2,3,,,,
1,4,3,,,,
1,3,3,,,,
1,4,3,,,,
1,5,3,,,,
1,2,3,,,,
1,3,3,,,,
1,3,3,,,,
1,5,3,,,,
1,4,3,,,,
1,4,3,,,,
1,3,3,,,,
1,3,3,,,,
1,5,3,,,,
1,5,3,,,,
1,4,3,,,,
1,3,3,,,,
1,4,3,,,,
1,4,3,,,,
1,5,3,,,,
1,3,3,,,,
1,3,3,,,,
1,5,3,,,,
1,4,3,,,,
1,5,3,,,,
1,4,3,,,,
1,3,3,,,,
1,4,3,,,,
1,3,3,,,,
1,3,3,,,,
1,3,3,,,,
1,4,3,,,,
1,4,3,,,,
1,2,3,,,,
1,4,3,,,,
1,4,3,,,,
1,3,3,,,,
1,3,3,,,,
1,4,3,,,,
1,4,3,,,,
1,2,3,,,,
1,3,3,,,,
1,5,3,,,,
1,3,3,,,,
1,1,3,,,,
1,3,3,,,,
1,2,3,,,,
1,2,3,,,,
1,3,3,,,,
1,5,3,,,,
1,2,3,,,,
1,4,3,,,,
1,4,3,,,,
1,4,3,,,,
1,5,3,,,,
1,3,3,,,,
1,3,3,,,,
1,4,3,,,,
1,4,3,,,,
1,4,3,,,,
1,4,3,,,,
1,4,3,,,,
1,3,3,,,,
1,4,3,,,,
1,3,3,,,,
1,3,3,,,,
1,4,3,,,,
1,5,3,,,,
1,4,3,,,,
1,2,3,,,,
1,2,3,,,,
1,3,3,,,,
1,4,3,,,,
1,3,3,,,,
1,1,3,,,,
1,3,3,,,,
1,4,3,,,,
1,4,3,,,,
1,4,3,,,,
1,4,3,,,,
1,3,3,,,,
1,4,3,,,,
1,4,3,,,,
1,4,3,,,,
1,4,3,,,,
1,4,3,,,,
1,3,3,,,,
1,4,3,,,,
1,4,3,,,,
1,5,3,,,,
1,3,3,,,,
1,3,3,,,,
1,3,3,,,,
1,4,3,,,,
1,4,3,,,,
1,4,3,,,,
1,3,3,,,,
1,4,3,,,,
1,4,3,,,,
1,2,3,,,,
1,3,3,,,,
1,4,3,,,,
1,3,3,,,,
1,2,3,,,,
1,5,3,,,,
1,3,3,,,,
1,4,3,,,,
1,4,3,,,,
1,4,3,,,,
1,2,3,,,,
1,4,3,,,,
1,4,3,,,,
1,3,3,,,,
1,2,3,,,,
1,4,3,,,,
1,5,3,,,,
1,5,3,,,,
1,4,3,,,,
1,3,3,,,,
1,4,3,,,,
1,4,3,,,,
1,4,3,,,,
1,5,3,,,,
1,3,3,,,,
1,3,3,,,,
1,4,3,,,,
1,2,3,,,,
1,4,3,,,,
1,3,3,,,,
1,4,3,,,,
1,4,3,,,,
1,4,3,,,,
1,3,3,,,,
1,5,3,,,,
1,3,3,,,,
1,5,3,,,,
1,4,3,,,,
1,4,3,,,,
1,3,3,,,,
1,5,3,,,,
1,3,3,,,,
1,4,3,,,,
1,4,3,,,,
1,4,3,,,,
1,3,3,,,,
1,2,3,,,,
1,3,3,,,,
1,4,3,,,,
1,4,3,,,,
1,3,3,,,,
1,5,3,,,,
1,3,3,,,,
1,3,3,,,,
1,4,3,,,,
1,5,3,,,,
1,4,3,,,,
1,4,3,,,,
1,4,3,,,,
1,4,3,,,,
1,2,3,,,,
1,5,3,,,,
1,4,3,,,,
1,4,3,,,,
1,6,3,,,,
1,3,3,,,,
1,4,3,,,,
1,5,3,,,,
1,5,3,,,,
1,4,3,,,,
1,4,3,,,,
1,4,3,,,,
1,5,3,,,,
1,3,3,,,,
1,4,3,,,,
1,3,3,,,,
1,3,3,,,,
1,5,3,,,,
1,5,3,,,,
1,4,3,,,,
1,4,3,,,,
1,3,3,,,,
1,4,3,,,,
1,4,3,,,,
1,3,3,,,,
1,5,3,,,,
1,4,3,,,,
1,3,3,,,,
1,5,3,,,,
1,4,3,,,,
1,4,3,,,,
1,5,3,,,,
1,4,3,,,,
1,4,3,,,,
1,3,3,,,,
1,4,3,,,,
1,4,3,,,,
1,5,3,,,,
1,4,3,,,,
1,3,3,,,,
1,4,3,,,,
1,4,3,,,,
1,5,3,,,,
1,4,3,,,,
1,2,3,,,,
1,4,3,,,,
1,3,3,,,,
1,4,3,,,,
1,3,3,,,,
1,1,3,,,,
1,2,3,,,,
1,3,3,,,,
1,3,3,,,,
1,2,3,,,,
1,4,3,,,,
1,5,3,,,,
1,3,3,,,,
1,4,3,,,,
1,4,3,,,,
1,3,3,,,,
1,5,3,,,,
1,4,3,,,,
1,4,3,,,,
1,3,3,,,,
1,3,3,,,,
1,2,3,,,,
1,5,3,,,,
1,4,3,,,,
1,4,3,,,,
1,2,3,,,,
1,2,3,,,,
1,2,3,,,,
1,4,3,,,,
1,4,3,,,,
1,4,3,,,,
1,4,3,,,,
1,3,3,,,,
1,3,3,,,,
1,3,3,,,,
1,4,3,,,,
1,4,3,,,,
1,3,3,,,,
1,3,3,,,,
1,4,3,,,,
1,3,3,,,,
1,5,3,,,,
1,5,3,,,,
1,2,3,,,,
1,3,3,,,,
1,5,3,,,,
1,3,3,,,,
1,5,3,,,,
1,4,3,,,,
1,4,3,,,,
1,3,3,,,,
1,4,3,,,,
1,4,3,,,,
1,3,3,,,,
1,4,3,,,,
1,4,3,,,,
1,3,3,,,,
1,2,3,,,,
1,3,3,,,,
1,2,3,,,,
1,3,3,,,,
1,3,3,,,,
1,4,3,,,,
1,5,3,,,,
1,0,3,,,,
1,2,3,,,,
1,3,3,,,,
1,5,3,,,,
1,4,3,,,,
1,3,3,,,,
1,1,3,,,,
1,3,3,,,,
1,5,3,,,,
1,3,3,,,,
1,5,3,,,,
1,6,3,,,,
1,2,3,,,,
1,3,3,,,,
1,4,3,,,,
1,4,3,,,,
1,5,3,,,,
1,4,3,,,,
1,4,3,,,,
1,2,3,,,,
1,4,3,,,,
1,3,3,,,,
1,4,3,,,,
1,3,3,,,,
1,4,3,,,,
1,5,3,,,,
1,3,3,,,,
1,3,3,,,,
1,3,3,,,,
1,4,3,,,,
1,2,3,,,,
1,4,3,,,,
1,3,3,,,,
1,3,3,,,,
1,3,3,,,,
1,5,3,,,,
1,4,3,,,,
1,5,3,,,,
1,3,3,,,,
1,4,3,,,,
1,5,3,,,,
1,5,3,,,,
1,4,3,,,,
1,4,3,,,,
1,3,3,,,,
1,4,3,,,,
1,4,3,,,,
1,3,3,,,,
1,4,3,,,,
1,4,3,,,,
1,3,3,,,,
1,4,3,,,,
1,3,3,,,,
1,3,3,,,,
1,4,3,,,,
1,3,3,,,,
1,4,3,,,,
1,3,3,,,,
1,2,3,,,,
1,3,3,,,,
1,3,3,,,,
1,3,3,,,,
1,3,3,,,,
1,3,3,,,,
1,3,3,,,,
1,4,3,,,,
1,4,3,,,,
1,4,3,,,,
1,5,3,,,,
1,5,3,,,,
1,5,3,,,,
1,5,3,,,,
1,5,3,,,,
1,4,3,,,,
1,4,3,,,,
1,3,3,,,,
1,4,3,,,,
1,3,3,,,,
1,4,3,,,,
1,4,3,,,,
1,3,3,,,,
1,6,3,,,,
1,5,3,,,,
1,3,3,,,,
1,4,3,,,,
1,3,3,,,,
1,4,3,,,,
1,3,3,,,,
1,5,3,,,,
1,3,3,,,,
1,4,3,,,,
1,4,3,,,,
1,4,3,,,,
1,4,3,,,,
1,3,3,,,,
1,4,3,,,,
1,2,3,,,,
1,3,3,,,,
1,4,3,,,,
1,4,3,,,,
1,3,3,,,,
1,3,3,,,,
1,3,3,,,,
1,4,3,,,,
1,4,3,,,,
1,4,3,,,,
1,2,3,,,,
1,3,3,,,,
1,4,3,,,,
1,2,3,,,,
1,2,3,,,,
1,4,3,,,,
1,3,3,,,,
1,4,3,,,,
1,4,3,,,,
1,2,3,,,,
1,3,3,,,,
1,3,3,,,,
1,5,3,,,,
1,5,3,,,,
1,4,3,,,,
1,4,3,,,,
1,4,3,,,,
1,4,3,,,,
1,3,3,,,,
1,4,3,,,,
1,3,3,,,,
1,3,3,,,,
1,4,3,,,,
1,4,3,,,,
1,3,3,,,,
1,4,3,,,,
1,4,3,,,,
1,5,3,,,,
1,3,3,,,,
1,5,3,,,,
1,3,3,,,,
1,4,3,,,,
1,4,3,,,,
1,3,3,,,,
1,4,3,,,,
1,3,3,,,,
1,5,3,,,,
1,3,3,,,,
1,4,3,,,,
1,4,3,,,,
1,3,3,,,,
1,4,3,,,,
1,4,3,,,,
1,4,3,,,,
1,3,3,,,,
1,4,3,,,,
1,4,3,,,,
1,3,3,,,,
1,3,3,,,,
1,3,3,,,,
1,3,3,,,,
1,2,3,,,,
1,4,3,,,,
1,5,3,,,,
1,2,3,,,,
1,3,3,,,,
1,4,3,,,,
1,5,3,,,,
1,4,3,,,,
1,3,3,,,,
1,5,3,,,,
1,5,3,,,,
1,5,3,,,,
1,3,3,,,,
1,5,3,,,,
1,2,3,,,,
1,2,3,,,,
1,3,3,,,,
1,4,3,,,,
1,4,3,,,,
1,5,3,,,,
1,3,3,,,,
1,3,3,,,,
1,3,3,,,,
1,4,3,,,,
1,4,3,,,,
1,3,3,,,,
1,4,3,,,,
1,4,3,,,,
1,4,3,,,,
1,4,3,,,,
1,3,3,,,,
1,3,3,,,,
1,4,3,,,,
1,3,3,,,,
1,3,3,,,,
1,4,3,,,,
1,3,3,,,,
1,4,3,,,,
1,4,3,,,,
1,2,3,,,,
1,4,3,,,,
1,4,3,,,,
1,3,3,,,,
1,3,3,,,,
1,4,3,,,,
1,4,3,,,,
1,3,3,,,,
1,3,3,,,,
1,4,3,,,,
1,4,3,,,,
1,4,3,,,,
1,4,3,,,,
1,4,3,,,,
1,4,3,,,,
1,3,3,,,,
1,4,3,,,,
1,4,3,,,,
1,4,3,,,,
1,4,3,,,,
1,4,3,,,,
1,5,3,,,,
1,4,3,,,,
1,4,3,,,,
1,4,3,,,,
1,3,3,,,,
1,3,3,,,,
1,5,3,,,,
1,5,3,,,,
1,3,3,,,,
1,5,3,,,,
1,3,3,,,,
1,3,3,,,,
1,4,3,,,,
1,3,3,,,,
1,3,3,,,,
1,3,3,,,,
1,4,3,,,,
1,4,3,,,,
1,4,3,,,,
1,4,3,,,,
1,5,3,,,,
1,5,3,,,,
1,4,3,,,,
1,3,3,,,,
1,5,3,,,,
1,4,3,,,,
1,4,3,,,,
1,5,3,,,,
1,4,3,,,,
1,5,3,,,,
1,3,3,,,,
1,5,3,,,,
1,4,3,,,,
1,4,3,,,,
1,4,3,,,,
1,4,3,,,,
1,5,3,,,,
1,4,3,,,,
1,3,3,,,,
1,3,3,,,,
1,3,3,,,,
1,3,3,,,,
1,4,3,,,,
1,4,3,,,,
1,3,3,,,,
1,4,3,,,,
1,4,3,,,,
1,4,3,,,,
1,4,3,,,,
1,5,3,,,,
1,5,3,,,,
1,3,3,,,,
1,2,3,,,,
1,5,3,,,,
1,4,3,,,,
1,3,3,,,,
1,2,3,,,,
1,5,3,,,,
1,5,3,,,,
1,2,3,,,,
1,3,3,,,,
1,3,3,,,,
1,4,3,,,,
1,4,3,,,,
1,3,3,,,,
1,4,3,,,,
1,4,3,,,,
1,4,3,,,,
1,5,3,,,,
1,2,3,,,,
1,4,3,,,,
1,4,3,,,,
1,4,3,,,,
1,3,3,,,,
1,4,3,,,,
1,4,3,,,,
1,4,3,,,,
1,3,3,,,,
1,4,3,,,,
1,3,3,,,,
1,4,3,,,,
1,3,3,,,,
1,3,3,,,,
1,3,3,,,,
1,3,3,,,,
1,4,3,,,,
1,6,3,,,,
1,3,3,,,,
1,4,3,,,,
1,4,3,,,,
1,4,3,,,,
1,5,3,,,,
1,4,3,,,,
1,4,3,,,,
2,4,4,,,,
2,2,4,,,,
2,3,4,,,,
2,3,4,,,,
2,3,4,,,,
2,4,4,,,,
2,3,4,,,,
2,3,4,,,,
2,2,4,,,,
2,3,4,,,,
2,3,4,,,,
2,4,4,,,,
2,3,4,,,,
2,3,4,,,,
2,2,4,,,,
2,4,4,,,,
2,4,4,,,,
2,5,4,,,,
2,4,4,,,,
2,4,4,,,,
2,2,4,,,,
2,4,4,,,,
2,3,4,,,,
2,2,4,,,,
2,6,4,,,,
2,2,4,,,,
2,2,4,,,,
2,2,4,,,,
2,3,4,,,,
2,4,4,,,,
2,2,4,,,,
2,3,4,,,,
2,4,4,,,,
2,4,4,,,,
2,2,4,,,,
2,4,4,,,,
2,4,4,,,,
2,3,4,,,,
2,4,4,,,,
2,5,4,,,,
2,3,4,,,,
2,5,4,,,,
2,4,4,,,,
2,3,4,,,,
2,1,4,,,,
2,4,4,,,,
2,4,4,,,,
2,3,4,,,,
2,4,4,,,,
2,3,4,,,,
2,3,4,,,,
2,4,4,,,,
2,4,4,,,,
2,4,4,,,,
2,5,4,,,,
2,4,4,,,,
2,2,4,,,,
2,3,4,,,,
2,4,4,,,,
2,4,4,,,,
2,5,4,,,,
2,5,4,,,,
2,3,4,,,,
2,5,4,,,,
2,4,4,,,,
2,4,4,,,,
2,4,4,,,,
2,3,4,,,,
2,3,4,,,,
2,3,4,,,,
2,4,4,,,,
2,4,4,,,,
2,3,4,,,,
2,3,4,,,,
2,4,4,,,,
2,4,4,,,,
2,3,4,,,,
2,4,4,,,,
2,4,4,,,,
2,5,4,,,,
2,1,4,,,,
2,4,4,,,,
2,2,4,,,,
2,2,4,,,,
2,3,4,,,,
2,5,4,,,,
2,4,4,,,,
2,4,4,,,,
2,4,4,,,,
2,4,4,,,,
2,3,4,,,,
2,3,4,,,,
2,3,4,,,,
2,2,4,,,,
2,4,4,,,,
2,4,4,,,,
2,3,4,,,,
2,4,4,,,,
2,3,4,,,,
2,4,4,,,,
2,4,4,,,,
2,4,4,,,,
2,3,4,,,,
2,5,4,,,,
2,5,4,,,,
2,4,4,,,,
2,6,4,,,,
2,3,4,,,,
2,3,4,,,,
2,4,4,,,,
2,4,4,,,,
2,4,4,,,,
2,3,4,,,,
2,5,4,,,,
2,4,4,,,,
2,4,4,,,,
2,2,4,,,,
2,4,4,,,,
2,4,4,,,,
2,2,4,,,,
2,3,4,,,,
2,4,4,,,,
2,4,4,,,,
2,3,4,,,,
2,4,4,,,,
2,4,4,,,,
2,4,4,,,,
2,4,4,,,,
2,4,4,,,,
2,4,4,,,,
2,3,4,,,,
2,4,4,,,,
2,6,4,,,,
2,5,4,,,,
2,3,4,,,,
2,3,4,,,,
2,5,4,,,,
2,4,4,,,,
2,5,4,,,,
2,4,4,,,,
2,5,4,,,,
2,2,4,,,,
2,4,4,,,,
2,4,4,,,,
2,5,4,,,,
2,3,4,,,,
2,4,4,,,,
2,5,4,,,,
2,3,4,,,,
2,4,4,,,,
2,3,4,,,,
2,5,4,,,,
2,4,4,,,,
2,4,4,,,,
2,4,4,,,,
2,4,4,,,,
2,4,4,,,,
2,4,4,,,,
2,4,4,,,,
2,4,4,,,,
2,4,4,,,,
2,4,4,,,,
2,4,4,,,,
2,3,4,,,,
2,3,4,,,,
2,4,4,,,,
2,3,4,,,,
2,3,4,,,,
2,4,4,,,,
2,4,4,,,,
2,2,4,,,,
2,4,4,,,,
2,3,4,,,,
2,4,4,,,,
2,4,4,,,,
2,4,4,,,,
2,3,4,,,,
2,3,4,,,,
2,4,4,,,,
2,3,4,,,,
2,3,4,,,,
2,4,4,,,,
2,4,4,,,,
2,4,4,,,,
2,4,4,,,,
2,3,4,,,,
2,4,4,,,,
2,4,4,,,,
2,4,4,,,,
2,3,4,,,,
2,4,4,,,,
2,3,4,,,,
2,5,4,,,,
2,4,4,,,,
2,3,4,,,,
2,5,4,,,,
2,3,4,,,,
2,3,4,,,,
2,3,4,,,,
2,5,4,,,,
2,2,4,,,,
2,5,4,,,,
2,4,4,,,,
2,3,4,,,,
2,3,4,,,,
2,4,4,,,,
2,5,4,,,,
2,3,4,,,,
2,3,4,,,,
2,4,4,,,,
2,3,4,,,,
2,5,4,,,,
2,4,4,,,,
2,4,4,,,,
2,3,4,,,,
2,5,4,,,,
2,3,4,,,,
2,4,4,,,,
2,4,4,,,,
2,3,4,,,,
2,4,4,,,,
2,5,4,,,,
2,3,4,,,,
2,4,4,,,,
2,5,4,,,,
2,4,4,,,,
2,3,4,,,,
2,4,4,,,,
2,4,4,,,,
2,4,4,,,,
2,3,4,,,,
2,3,4,,,,
2,3,4,,,,
2,5,4,,,,
2,2,4,,,,
2,3,4,,,,
2,3,4,,,,
2,4,4,,,,
2,3,4,,,,
2,5,4,,,,
2,4,4,,,,
2,4,4,,,,
2,4,4,,,,
2,4,4,,,,
2,3,4,,,,
2,3,4,,,,
2,4,4,,,,
2,5,4,,,,
2,4,4,,,,
2,4,4,,,,
2,4,4,,,,
2,3,4,,,,
2,2,4,,,,
2,3,4,,,,
2,3,4,,,,
2,4,4,,,,
2,3,4,,,,
2,4,4,,,,
2,4,4,,,,
2,4,4,,,,
2,3,4,,,,
2,4,4,,,,
2,5,4,,,,
2,2,4,,,,
2,4,4,,,,
2,5,4,,,,
2,5,4,,,,
2,4,4,,,,
2,3,4,,,,
2,4,4,,,,
2,4,4,,,,
2,3,4,,,,
2,3,4,,,,
2,3,4,,,,
2,3,4,,,,
2,6,4,,,,
2,4,4,,,,
2,4,4,,,,
2,4,4,,,,
2,5,4,,,,
2,3,4,,,,
2,5,4,,,,
2,3,4,,,,
2,4,4,,,,
2,3,4,,,,
2,2,4,,,,
2,2,4,,,,
2,4,4,,,,
2,5,4,,,,
2,3,4,,,,
2,4,4,,,,
2,4,4,,,,
2,2,4,,,,
2,5,4,,,,
2,2,4,,,,
2,3,4,,,,
2,3,4,,,,
2,4,4,,,,
2,3,4,,,,
2,3,4,,,,
2,4,4,,,,
2,3,4,,,,
2,4,4,,,,
2,2,4,,,,
2,4,4,,,,
2,4,4,,,,
2,4,4,,,,
2,4,4,,,,
2,3,4,,,,
2,3,4,,,,
2,5,4,,,,
2,4,4,,,,
2,4,4,,,,
2,3,4,,,,
2,2,4,,,,
2,2,4,,,,
2,3,4,,,,
2,3,4,,,,
2,5,4,,,,
2,4,4,,,,
2,3,4,,,,
2,4,4,,,,
2,3,4,,,,
2,3,4,,,,
2,5,4,,,,
2,4,4,,,,
2,4,4,,,,
2,3,4,,,,
2,5,4,,,,
2,3,4,,,,
2,2,4,,,,
2,3,4,,,,
2,4,4,,,,
2,5,4,,,,
2,2,4,,,,
2,3,4,,,,
2,4,4,,,,
2,3,4,,,,
2,3,4,,,,
2,4,4,,,,
2,4,4,,,,
2,4,4,,,,
2,4,4,,,,
2,3,4,,,,
2,3,4,,,,
2,4,4,,,,
2,2,4,,,,
2,3,4,,,,
2,5,4,,,,
2,3,4,,,,
2,4,4,,,,
2,5,4,,,,
2,4,4,,,,
2,2,4,,,,
2,5,4,,,,
2,3,4,,,,
2,4,4,,,,
2,4,4,,,,
2,3,4,,,,
2,5,4,,,,
2,4,4,,,,
2,4,4,,,,
2,4,4,,,,
2,4,4,,,,
2,3,4,,,,
2,5,4,,,,
2,3,4,,,,
2,4,4,,,,
2,4,4,,,,
2,3,4,,,,
2,3,4,,,,
2,4,4,,,,
2,4,4,,,,
2,3,4,,,,
2,2,4,,,,
2,5,4,,,,
2,3,4,,,,
2,5,4,,,,
2,3,4,,,,
2,4,4,,,,
2,4,4,,,,
2,2,4,,,,
2,3,4,,,,
2,5,4,,,,
2,2,4,,,,
2,4,4,,,,
2,2,4,,,,
2,5,4,,,,
2,4,4,,,,
2,3,4,,,,
2,4,4,,,,
2,4,4,,,,
2,3,4,,,,
2,4,4,,,,
2,3,4,,,,
2,4,4,,,,
2,3,4,,,,
2,4,4,,,,
2,4,4,,,,
2,3,4,,,,
2,4,4,,,,
2,4,4,,,,
2,4,4,,,,
2,3,4,,,,
2,4,4,,,,
2,5,4,,,,
2,5,4,,,,
2,3,4,,,,
2,4,4,,,,
2,4,4,,,,
2,5,4,,,,
2,5,4,,,,
2,6,4,,,,
2,4,4,,,,
2,3,4,,,,
2,5,4,,,,
2,4,4,,,,
2,2,4,,,,
2,3,4,,,,
2,4,4,,,,
2,2,4,,,,
2,3,4,,,,
2,3,4,,,,
2,3,4,,,,
2,4,4,,,,
2,4,4,,,,
2,4,4,,,,
2,4,4,,,,
2,4,4,,,,
2,4,4,,,,
2,3,4,,,,
2,3,4,,,,
2,4,4,,,,
2,4,4,,,,
2,4,4,,,,
2,3,4,,,,
2,3,4,,,,
2,4,4,,,,
2,3,4,,,,
2,4,4,,,,
2,4,4,,,,
2,3,4,,,,
2,4,4,,,,
2,4,4,,,,
2,3,4,,,,
2,3,4,,,,
2,4,4,,,,
2,4,4,,,,
2,4,4,,,,
2,5,4,,,,
2,4,4,,,,
2,2,4,,,,
2,4,4,,,,
2,3,4,,,,
2,3,4,,,,
2,4,4,,,,
2,4,4,,,,
2,4,4,,,,
2,3,4,,,,
2,3,4,,,,
2,3,4,,,,
2,5,4,,,,
2,5,4,,,,
2,5,4,,,,
2,3,4,,,,
2,4,4,,,,
2,3,4,,,,
2,5,4,,,,
2,5,4,,,,
2,4,4,,,,
2,3,4,,,,
2,5,4,,,,
2,4,4,,,,
2,4,4,,,,
2,3,4,,,,
2,4,4,,,,
2,2,4,,,,
2,5,4,,,,
2,2,4,,,,
2,5,4,,,,
2,4,4,,,,
2,4,4,,,,
2,4,4,,,,
2,4,4,,,,
2,3,4,,,,
2,2,4,,,,
2,4,4,,,,
2,2,4,,,,
2,3,4,,,,
2,4,4,,,,
2,3,4,,,,
2,3,4,,,,
2,4,4,,,,
2,4,4,,,,
2,7,4,,,,
2,4,4,,,,
2,5,4,,,,
2,4,4,,,,
2,3,4,,,,
2,4,4,,,,
2,4,4,,,,
2,4,4,,,,
2,4,4,,,,
2,4,4,,,,
2,4,4,,,,
2,4,4,,,,
2,2,4,,,,
2,4,4,,,,
2,5,4,,,,
2,4,4,,,,
2,4,4,,,,
2,3,4,,,,
2,2,4,,,,
2,3,4,,,,
2,5,4,,,,
2,4,4,,,,
2,3,4,,,,
2,3,4,,,,
2,5,4,,,,
2,5,4,,,,
2,5,4,,,,
2,3,4,,,,
2,4,4,,,,
2,3,4,,,,
2,4,4,,,,
2,4,4,,,,
2,3,4,,,,
2,3,4,,,,
2,5,4,,,,
2,3,4,,,,
2,3,4,,,,
2,4,4,,,,
2,4,4,,,,
2,5,4,,,,
2,3,4,,,,
2,4,4,,,,
2,4,4,,,,
2,5,4,,,,
2,3,4,,,,
2,2,4,,,,
2,4,4,,,,
2,2,4,,,,
2,5,4,,,,
2,3,4,,,,
2,2,4,,,,
2,4,4,,,,
2,3,4,,,,
2,3,4,,,,
2,3,4,,,,
2,4,4,,,,
2,4,4,,,,
2,4,4,,,,
2,3,4,,,,
2,3,4,,,,
2,4,4,,,,
2,3,4,,,,
2,4,4,,,,
2,3,4,,,,
2,4,4,,,,
2,4,4,,,,
2,5,4,,,,
2,4,4,,,,
2,3,4,,,,
2,3,4,,,,
2,4,4,,,,
2,4,4,,,,
2,3,4,,,,
2,4,4,,,,
2,4,4,,,,
2,5,4,,,,
2,3,4,,,,
2,2,4,,,,
2,3,4,,,,
2,3,4,,,,
2,3,4,,,,
2,5,4,,,,
2,3,4,,,,
2,4,4,,,,
2,5,4,,,,
2,5,4,,,,
2,5,4,,,,
2,2,4,,,,
2,5,4,,,,
2,3,4,,,,
2,3,4,,,,
2,3,4,,,,
2,4,4,,,,
2,4,4,,,,
2,3,4,,,,
2,3,4,,,,
2,3,4,,,,
2,3,4,,,,
2,4,4,,,,
2,3,4,,,,
2,4,4,,,,
2,5,4,,,,
2,5,4,,,,
2,4,4,,,,
2,6,4,,,,
2,4,4,,,,
2,4,4,,,,
2,4,4,,,,
2,1,4,,,,
2,3,4,,,,
2,3,4,,,,
2,4,4,,,,
2,5,4,,,,
2,4,4,,,,
2,5,4,,,,
2,4,4,,,,
2,2,4,,,,
2,3,4,,,,
2,4,4,,,,
2,4,4,,,,
2,4,4,,,,
2,2,4,,,,
2,4,4,,,,
2,3,4,,,,
2,3,4,,,,
2,5,4,,,,
2,3,4,,,,
2,2,4,,,,
2,4,4,,,,
2,3,4,,,,
2,4,4,,,,
2,5,4,,,,
2,3,4,,,,
2,4,4,,,,
2,4,4,,,,
2,3,4,,,,
2,4,4,,,,
2,4,4,,,,
2,4,4,,,,
2,2,4,,,,
2,5,4,,,,
2,3,4,,,,
2,3,4,,,,
2,3,4,,,,
2,3,4,,,,
2,3,4,,,,
2,3,4,,,,
2,4,4,,,,
2,4,4,,,,
2,5,4,,,,
2,3,4,,,,
2,2,4,,,,
2,4,4,,,,
2,3,4,,,,
2,3,4,,,,
2,2,4,,,,
2,2,4,,,,
2,3,4,,,,
2,4,4,,,,
2,3,4,,,,
2,3,4,,,,
2,4,4,,,,
2,3,4,,,,
2,4,4,,,,
2,3,4,,,,
2,4,4,,,,
2,3,4,,,,
2,5,4,,,,
2,5,4,,,,
2,3,4,,,,
2,3,4,,,,
2,3,4,,,,
2,4,4,,,,
2,4,4,,,,
2,5,4,,,,
2,4,4,,,,
2,4,4,,,,
2,3,4,,,,
2,5,4,,,,
2,3,4,,,,
2,5,4,,,,
2,4,4,,,,
2,4,4,,,,
2,4,4,,,,
2,5,4,,,,
2,4,4,,,,
2,3,4,,,,
2,4,4,,,,
2,4,4,,,,
2,3,4,,,,
2,4,4,,,,
2,3,4,,,,
2,5,4,,,,
2,3,4,,,,
2,5,4,,,,
2,4,4,,,,
2,3,4,,,,
2,4,4,,,,
2,4,4,,,,
2,3,4,,,,
2,4,4,,,,
2,1,4,,,,
2,5,4,,,,
2,3,4,,,,
2,3,4,,,,
2,4,4,,,,
2,4,4,,,,
2,3,4,,,,
2,1,4,,,,
2,4,4,,,,
2,4,4,,,,
2,2,4,,,,
2,4,4,,,,
2,3,4,,,,
2,3,4,,,,
2,3,4,,,,
2,3,4,,,,
2,3,4,,,,
2,4,4,,,,
2,4,4,,,,
2,5,4,,,,
2,4,4,,,,
2,5,4,,,,
2,3,4,,,,
2,3,4,,,,
2,4,4,,,,
2,4,4,,,,
2,4,4,,,,
2,4,4,,,,
2,4,4,,,,
2,4,4,,,,
2,4,4,,,,
2,4,4,,,,
2,3,4,,,,
2,3,4,,,,
2,4,4,,,,
2,6,4,,,,
2,4,4,,,,
2,4,4,,,,
2,4,4,,,,
2,2,4,,,,
2,4,4,,,,
2,2,4,,,,
2,4,4,,,,
2,3,4,,,,
2,4,4,,,,
2,5,4,,,,
2,4,4,,,,
2,4,4,,,,
2,3,4,,,,
2,4,4,,,,
2,3,4,,,,
2,2,4,,,,
2,2,4,,,,
2,4,4,,,,
2,4,4,,,,
2,3,4,,,,
2,4,4,,,,
2,4,4,,,,
2,3,4,,,,
2,4,4,,,,
2,4,4,,,,
2,4,4,,,,
2,4,4,,,,
2,4,4,,,,
2,3,4,,,,
2,5,4,,,,
2,4,4,,,,
2,4,4,,,,
2,4,4,,,,
2,3,4,,,,
2,3,4,,,,
2,2,4,,,,
2,3,4,,,,
2,2,4,,,,
2,2,4,,,,
2,4,4,,,,
2,5,4,,,,
2,3,4,,,,
2,4,4,,,,
2,3,4,,,,
2,4,4,,,,
2,3,4,,,,
2,4,4,,,,
2,2,4,,,,
2,4,4,,,,
2,4,4,,,,
2,3,4,,,,
2,4,4,,,,
2,4,4,,,,
2,4,4,,,,
2,5,4,,,,
2,1,4,,,,
2,4,4,,,,
2,3,4,,,,
2,4,4,,,,
2,5,4,,,,
2,4,4,,,,
2,4,4,,,,
2,4,4,,,,
2,4,4,,,,
2,4,4,,,,
2,4,4,,,,
2,4,4,,,,
2,4,4,,,,
2,4,4,,,,
2,4,4,,,,
2,4,4,,,,
2,3,4,,,,
2,4,4,,,,
2,3,4,,,,
2,3,4,,,,
2,3,4,,,,
2,4,4,,,,
2,3,4,,,,
2,3,4,,,,
2,3,4,,,,
2,4,4,,,,
2,3,4,,,,
2,4,4,,,,
2,2,4,,,,
2,4,4,,,,
2,2,4,,,,
2,2,4,,,,
2,5,4,,,,
2,4,4,,,,
2,5,4,,,,
2,3,4,,,,
2,1,4,,,,
2,3,4,,,,
2,3,4,,,,
2,4,4,,,,
2,4,4,,,,
2,3,4,,,,
2,4,4,,,,
2,3,4,,,,
2,4,4,,,,
2,3,4,,,,
2,3,4,,,,
2,4,4,,,,
2,3,4,,,,
2,3,4,,,,
2,2,4,,,,
2,4,4,,,,
2,3,4,,,,
2,2,4,,,,
2,4,4,,,,
2,3,4,,,,
2,3,4,,,,
2,4,4,,,,
2,3,4,,,,
2,4,4,,,,
2,3,4,,,,
2,4,4,,,,
2,2,4,,,,
2,5,4,,,,
2,2,4,,,,
2,4,4,,,,
2,3,4,,,,
2,2,4,,,,
2,2,4,,,,
2,4,4,,,,
2,3,4,,,,
2,2,4,,,,
2,3,4,,,,
2,4,4,,,,
2,2,4,,,,
2,3,4,,,,
2,4,4,,,,
2,5,4,,,,
2,5,4,,,,
2,4,4,,,,
2,4,4,,,,
2,3,4,,,,
2,2,4,,,,
2,3,4,,,,
2,5,4,,,,
2,3,4,,,,
2,4,4,,,,
2,2,4,,,,
2,4,4,,,,
2,4,4,,,,
2,4,4,,,,
2,3,4,,,,
2,3,4,,,,
2,2,4,,,,
2,4,4,,,,
2,2,4,,,,
2,5,4,,,,
2,3,4,,,,
2,5,4,,,,
2,6,4,,,,
2,3,4,,,,
2,4,4,,,,
2,4,4,,,,
2,2,4,,,,
2,4,4,,,,
2,4,4,,,,
2,4,4,,,,
2,5,4,,,,
2,5,4,,,,
2,4,4,,,,
2,3,4,,,,
2,2,4,,,,
2,3,4,,,,
2,4,4,,,,
2,2,4,,,,
2,2,4,,,,
2,4,4,,,,
2,3,4,,,,
2,4,4,,,,
2,4,4,,,,
2,4,4,,,,
2,3,4,,,,
2,4,4,,,,
2,5,4,,,,
2,4,4,,,,
2,3,4,,,,
2,3,4,,,,
2,3,4,,,,
2,2,4,,,,
2,3,4,,,,
2,5,4,,,,
2,4,4,,,,
2,4,4,,,,
2,3,4,,,,
2,4,4,,,,
2,4,4,,,,
2,5,4,,,,
2,3,4,,,,
2,3,4,,,,
2,4,4,,,,
2,3,4,,,,
2,4,4,,,,
2,4,4,,,,
2,3,4,,,,
2,3,4,,,,
2,5,4,,,,
2,3,4,,,,
2,5,4,,,,
2,4,4,,,,
2,4,4,,,,
2,5,4,,,,
2,3,4,,,,
2,4,4,,,,
2,4,4,,,,
2,5,4,,,,
2,5,4,,,,
2,4,4,,,,
2,6,4,,,,
2,4,4,,,,
2,3,4,,,,
2,3,4,,,,
2,3,4,,,,
2,3,4,,,,
2,4,4,,,,
2,4,4,,,,
2,4,4,,,,
2,3,4,,,,
2,4,4,,,,
2,4,4,,,,
2,4,4,,,,
2,3,4,,,,
2,3,4,,,,
2,4,4,,,,
2,2,4,,,,
2,4,4,,,,
2,4,4,,,,
2,3,4,,,,
2,5,4,,,,
2,4,4,,,,
2,4,4,,,,
2,4,4,,,,
2,3,4,,,,
2,3,4,,,,
2,4,4,,,,
2,5,4,,,,
2,5,4,,,,
2,4,4,,,,
2,3,4,,,,
2,3,4,,,,
2,3,4,,,,
2,4,4,,,,
2,4,4,,,,
2,4,4,,,,
2,3,4,,,,
2,4,4,,,,
2,5,4,,,,
2,4,4,,,,
2,5,4,,,,
2,4,4,,,,
2,4,4,,,,
2,3,4,,,,
2,3,4,,,,
2,5,4,,,,
2,5,4,,,,
2,4,4,,,,
2,3,4,,,,
2,3,4,,,,
2,4,4,,,,
2,2,4,,,,
2,3,4,,,,
2,3,4,,,,
2,4,4,,,,
2,5,4,,,,
2,3,4,,,,
5,4,5,,,,
5,2,5,,,,
5,5,5,,,,
5,4,5,,,,
5,3,5,,,,
5,5,5,,,,
5,3,5,,,,
5,3,5,,,,
5,4,5,,,,
5,2,5,,,,
5,4,5,,,,
5,4,5,,,,
5,4,5,,,,
5,3,5,,,,
5,3,5,,,,
5,4,5,,,,
5,4,5,,,,
5,4,5,,,,
5,4,5,,,,
5,2,5,,,,
5,4,5,,,,
5,4,5,,,,
5,4,5,,,,
5,4,5,,,,
5,3,5,,,,
5,4,5,,,,
5,3,5,,,,
5,5,5,,,,
5,4,5,,,,
5,5,5,,,,
5,4,5,,,,
5,4,5,,,,
5,4,5,,,,
5,3,5,,,,
5,5,5,,,,
5,6,5,,,,
5,3,5,,,,
5,5,5,,,,
5,4,5,,,,
5,5,5,,,,
5,5,5,,,,
5,4,5,,,,
5,4,5,,,,
5,3,5,,,,
5,5,5,,,,
5,3,5,,,,
5,4,5,,,,
5,4,5,,,,
5,3,5,,,,
5,4,5,,,,
5,4,5,,,,
5,5,5,,,,
5,3,5,,,,
5,3,5,,,,
5,4,5,,,,
5,3,5,,,,
5,3,5,,,,
5,3,5,,,,
5,4,5,,,,
5,4,5,,,,
5,4,5,,,,
5,3,5,,,,
5,4,5,,,,
5,2,5,,,,
5,3,5,,,,
5,4,5,,,,
5,3,5,,,,
5,3,5,,,,
5,2,5,,,,
5,4,5,,,,
5,3,5,,,,
5,3,5,,,,
5,3,5,,,,
5,2,5,,,,
5,3,5,,,,
5,4,5,,,,
5,4,5,,,,
5,4,5,,,,
5,4,5,,,,
5,1,5,,,,
5,4,5,,,,
5,4,5,,,,
5,4,5,,,,
5,3,5,,,,
5,3,5,,,,
5,4,5,,,,
5,3,5,,,,
5,4,5,,,,
5,3,5,,,,
5,4,5,,,,
5,2,5,,,,
5,4,5,,,,
5,4,5,,,,
5,3,5,,,,
5,5,5,,,,
5,2,5,,,,
5,5,5,,,,
5,3,5,,,,
5,3,5,,,,
5,4,5,,,,
5,4,5,,,,
5,5,5,,,,
5,3,5,,,,
5,4,5,,,,
5,2,5,,,,
5,3,5,,,,
5,5,5,,,,
5,3,5,,,,
5,3,5,,,,
5,3,5,,,,
5,3,5,,,,
5,3,5,,,,
5,4,5,,,,
5,3,5,,,,
5,3,5,,,,
5,3,5,,,,
5,3,5,,,,
5,4,5,,,,
5,4,5,,,,
5,4,5,,,,
5,4,5,,,,
5,4,5,,,,
5,3,5,,,,
5,5,5,,,,
5,4,5,,,,
5,3,5,,,,
5,5,5,,,,
5,5,5,,,,
5,4,5,,,,
5,5,5,,,,
5,4,5,,,,
5,3,5,,,,
5,4,5,,,,
5,4,5,,,,
5,5,5,,,,
5,5,5,,,,
5,4,5,,,,
5,3,5,,,,
5,4,5,,,,
5,4,5,,,,
5,4,5,,,,
5,4,5,,,,
5,4,5,,,,
5,4,5,,,,
5,4,5,,,,
5,4,5,,,,
5,4,5,,,,
5,4,5,,,,
5,4,5,,,,
5,5,5,,,,
5,4,5,,,,
5,5,5,,,,
5,4,5,,,,
5,3,5,,,,
5,4,5,,,,
5,4,5,,,,
5,3,5,,,,
5,4,5,,,,
5,4,5,,,,
5,5,5,,,,
5,5,5,,,,
5,3,5,,,,
5,3,5,,,,
5,4,5,,,,
5,4,5,,,,
5,5,5,,,,
5,3,5,,,,
5,5,5,,,,
5,5,5,,,,
5,4,5,,,,
5,4,5,,,,
5,4,5,,,,
5,4,5,,,,
5,5,5,,,,
5,4,5,,,,
5,4,5,,,,
5,4,5,,,,
5,4,5,,,,
5,4,5,,,,
5,4,5,,,,
5,4,5,,,,
5,4,5,,,,
5,3,5,,,,
5,3,5,,,,
5,4,5,,,,
5,5,5,,,,
5,3,5,,,,
5,5,5,,,,
5,2,5,,,,
5,3,5,,,,
5,2,5,,,,
5,5,5,,,,
5,3,5,,,,
5,2,5,,,,
5,4,5,,,,
5,4,5,,,,
5,4,5,,,,
5,4,5,,,,
5,5,5,,,,
5,4,5,,,,
5,3,5,,,,
5,2,5,,,,
5,3,5,,,,
5,4,5,,,,
5,4,5,,,,
5,5,5,,,,
5,4,5,,,,
5,3,5,,,,
5,4,5,,,,
5,4,5,,,,
5,3,5,,,,
5,4,5,,,,
5,6,5,,,,
5,3,5,,,,
5,4,5,,,,
5,4,5,,,,
5,5,5,,,,
5,4,5,,,,
5,3,5,,,,
5,3,5,,,,
5,4,5,,,,
5,3,5,,,,
5,4,5,,,,
5,5,5,,,,
5,5,5,,,,
5,5,5,,,,
5,3,5,,,,
5,4,5,,,,
5,6,5,,,,
5,4,5,,,,
5,3,5,,,,
5,3,5,,,,
5,3,5,,,,
5,4,5,,,,
5,5,5,,,,
5,4,5,,,,
5,3,5,,,,
5,4,5,,,,
5,4,5,,,,
5,3,5,,,,
5,5,5,,,,
5,3,5,,,,
5,5,5,,,,
5,4,5,,,,
5,2,5,,,,
5,5,5,,,,
5,5,5,,,,
5,3,5,,,,
5,5,5,,,,
5,4,5,,,,
5,4,5,,,,
5,1,5,,,,
5,3,5,,,,
5,4,5,,,,
5,4,5,,,,
5,3,5,,,,
5,4,5,,,,
5,2,5,,,,
5,5,5,,,,
5,4,5,,,,
5,3,5,,,,
5,4,5,,,,
5,4,5,,,,
5,3,5,,,,
5,5,5,,,,
5,4,5,,,,
5,3,5,,,,
5,5,5,,,,
5,4,5,,,,
5,4,5,,,,
5,5,5,,,,
5,4,5,,,,
5,5,5,,,,
5,6,5,,,,
5,4,5,,,,
5,3,5,,,,
5,3,5,,,,
5,5,5,,,,
5,5,5,,,,
5,5,5,,,,
5,5,5,,,,
5,4,5,,,,
5,5,5,,,,
5,3,5,,,,
5,4,5,,,,
5,4,5,,,,
5,2,5,,,,
5,5,5,,,,
5,3,5,,,,
5,4,5,,,,
5,5,5,,,,
5,4,5,,,,
5,4,5,,,,
5,4,5,,,,
5,4,5,,,,
5,3,5,,,,
5,5,5,,,,
5,4,5,,,,
5,3,5,,,,
5,1,5,,,,
5,3,5,,,,
5,4,5,,,,
5,3,5,,,,
5,3,5,,,,
5,3,5,,,,
5,4,5,,,,
5,2,5,,,,
5,3,5,,,,
5,4,5,,,,
5,3,5,,,,
5,3,5,,,,
5,4,5,,,,
5,3,5,,,,
5,2,5,,,,
5,2,5,,,,
5,6,5,,,,
5,4,5,,,,
5,3,5,,,,
5,5,5,,,,
5,3,5,,,,
5,4,5,,,,
5,6,5,,,,
5,4,5,,,,
5,2,5,,,,
5,4,5,,,,
5,2,5,,,,
5,2,5,,,,
5,4,5,,,,
5,4,5,,,,
5,3,5,,,,
5,3,5,,,,
5,4,5,,,,
5,4,5,,,,
5,2,5,,,,
5,2,5,,,,
5,3,5,,,,
5,3,5,,,,
5,3,5,,,,
5,3,5,,,,
5,5,5,,,,
5,3,5,,,,
5,5,5,,,,
5,1,5,,,,
5,4,5,,,,
5,3,5,,,,
5,3,5,,,,
5,3,5,,,,
5,4,5,,,,
5,4,5,,,,
5,3,5,,,,
5,3,5,,,,
5,3,5,,,,
5,3,5,,,,
5,4,5,,,,
5,3,5,,,,
5,3,5,,,,
5,4,5,,,,
5,5,5,,,,
5,4,5,,,,
5,4,5,,,,
5,4,5,,,,
5,4,5,,,,
5,4,5,,,,
5,3,5,,,,
5,4,5,,,,
5,5,5,,,,
5,4,5,,,,
5,4,5,,,,
5,5,5,,,,
5,4,5,,,,
5,4,5,,,,
5,3,5,,,,
5,2,5,,,,
5,3,5,,,,
5,3,5,,,,
5,3,5,,,,
5,5,5,,,,
5,4,5,,,,
5,4,5,,,,
5,4,5,,,,
5,4,5,,,,
5,3,5,,,,
5,4,5,,,,
5,2,5,,,,
5,3,5,,,,
5,5,5,,,,
5,3,5,,,,
5,4,5,,,,
5,4,5,,,,
5,4,5,,,,
5,4,5,,,,
5,4,5,,,,
5,3,5,,,,
5,4,5,,,,
5,5,5,,,,
5,4,5,,,,
5,3,5,,,,
5,3,5,,,,
5,5,5,,,,
5,4,5,,,,
5,3,5,,,,
5,4,5,,,,
5,4,5,,,,
5,3,5,,,,
5,1,5,,,,
5,3,5,,,,
5,4,5,,,,
5,5,5,,,,
5,3,5,,,,
5,5,5,,,,
5,2,5,,,,
5,2,5,,,,
5,3,5,,,,
5,2,5,,,,
5,3,5,,,,
5,3,5,,,,
5,3,5,,,,
5,4,5,,,,
5,1,5,,,,
5,3,5,,,,
5,4,5,,,,
5,3,5,,,,
5,4,5,,,,
5,4,5,,,,
5,5,5,,,,
5,4,5,,,,
5,2,5,,,,
5,4,5,,,,
5,6,5,,,,
5,5,5,,,,
5,6,5,,,,
5,4,5,,,,
5,4,5,,,,
5,5,5,,,,
5,4,5,,,,
5,4,5,,,,
5,3,5,,,,
5,4,5,,,,
5,3,5,,,,
5,2,5,,,,
5,5,5,,,,
5,4,5,,,,
5,3,5,,,,
5,4,5,,,,
5,4,5,,,,
5,4,5,,,,
5,3,5,,,,
5,4,5,,,,
5,5,5,,,,
5,4,5,,,,
5,4,5,,,,
5,3,5,,,,
5,5,5,,,,
5,4,5,,,,
5,3,5,,,,
5,4,5,,,,
5,5,5,,,,
5,2,5,,,,
5,4,5,,,,
5,5,5,,,,
5,2,5,,,,
5,6,5,,,,
5,4,5,,,,
5,4,5,,,,
5,4,5,,,,
5,3,5,,,,
5,4,5,,,,
5,3,5,,,,
5,3,5,,,,
5,3,5,,,,
5,4,5,,,,
5,5,5,,,,
5,4,5,,,,
5,3,5,,,,
5,4,5,,,,
5,4,5,,,,
5,3,5,,,,
5,4,5,,,,
5,3,5,,,,
5,2,5,,,,
5,3,5,,,,
5,4,5,,,,
5,4,5,,,,
5,3,5,,,,
5,3,5,,,,
5,3,5,,,,
5,4,5,,,,
5,4,5,,,,
5,4,5,,,,
5,3,5,,,,
5,3,5,,,,
5,4,5,,,,
5,3,5,,,,
5,3,5,,,,
5,3,5,,,,
5,3,5,,,,
5,3,5,,,,
5,3,5,,,,
5,5,5,,,,
5,5,5,,,,
5,4,5,,,,
5,5,5,,,,
5,4,5,,,,
5,4,5,,,,
5,4,5,,,,
5,4,5,,,,
5,5,5,,,,
5,5,5,,,,
5,4,5,,,,
5,3,5,,,,
5,3,5,,,,
5,3,5,,,,
5,4,5,,,,
5,3,5,,,,
5,3,5,,,,
5,4,5,,,,
5,2,5,,,,
5,3,5,,,,
5,4,5,,,,
5,3,5,,,,
5,3,5,,,,
5,5,5,,,,
5,5,5,,,,
5,4,5,,,,
5,3,5,,,,
5,4,5,,,,
5,4,5,,,,
5,3,5,,,,
5,4,5,,,,
5,2,5,,,,
5,3,5,,,,
5,5,5,,,,
5,4,5,,,,
5,3,5,,,,
5,3,5,,,,
5,5,5,,,,
5,4,5,,,,
5,4,5,,,,
5,4,5,,,,
5,4,5,,,,
5,4,5,,,,
5,6,5,,,,
5,4,5,,,,
5,3,5,,,,
5,4,5,,,,
5,4,5,,,,
5,4,5,,,,
5,3,5,,,,
5,4,5,,,,
5,4,5,,,,
5,4,5,,,,
5,4,5,,,,
5,4,5,,,,
5,4,5,,,,
5,4,5,,,,
5,5,5,,,,
5,3,5,,,,
5,5,5,,,,
5,3,5,,,,
5,4,5,,,,
5,4,5,,,,
5,4,5,,,,
5,3,5,,,,
5,4,5,,,,
5,3,5,,,,
5,4,5,,,,
5,3,5,,,,
5,3,5,,,,
5,3,5,,,,
5,5,5,,,,
5,3,5,,,,
5,5,5,,,,
5,3,5,,,,
5,3,5,,,,
5,3,5,,,,
5,4,5,,,,
5,2,5,,,,
5,5,5,,,,
5,5,5,,,,
5,4,5,,,,
5,5,5,,,,
5,3,5,,,,
5,2,5,,,,
5,4,5,,,,
5,3,5,,,,
5,4,5,,,,
5,3,5,,,,
5,4,5,,,,
5,5,5,,,,
5,2,5,,,,
5,5,5,,,,
5,2,5,,,,
5,3,5,,,,
5,3,5,,,,
5,4,5,,,,
5,4,5,,,,
5,3,5,,,,
5,4,5,,,,
5,3,5,,,,
5,4,5,,,,
5,5,5,,,,
5,3,5,,,,
5,5,5,,,,
5,4,5,,,,
5,3,5,,,,
5,4,5,,,,
5,4,5,,,,
5,4,5,,,,
5,4,5,,,,
5,4,5,,,,
5,4,5,,,,
5,3,5,,,,
5,3,5,,,,
5,4,5,,,,
5,4,5,,,,
5,4,5,,,,
5,3,5,,,,
5,5,5,,,,
5,4,5,,,,
5,3,5,,,,
5,4,5,,,,
5,4,5,,,,
5,4,5,,,,
5,4,5,,,,
5,3,5,,,,
5,3,5,,,,
5,4,5,,,,
5,4,5,,,,
5,5,5,,,,
5,2,5,,,,
5,4,5,,,,
5,5,5,,,,
5,4,5,,,,
5,5,5,,,,
5,4,5,,,,
5,3,5,,,,
5,3,5,,,,
5,3,5,,,,
5,1,5,,,,
5,3,5,,,,
5,5,5,,,,
5,4,5,,,,
5,4,5,,,,
5,3,5,,,,
5,4,5,,,,
5,4,5,,,,
5,3,5,,,,
5,5,5,,,,
5,5,5,,,,
5,3,5,,,,
5,3,5,,,,
5,4,5,,,,
5,3,5,,,,
5,3,5,,,,
5,4,5,,,,
5,2,5,,,,
5,3,5,,,,
5,4,5,,,,
5,4,5,,,,
5,3,5,,,,
5,3,5,,,,
5,3,5,,,,
5,4,5,,,,
5,4,5,,,,
5,4,5,,,,
5,3,5,,,,
5,5,5,,,,
5,4,5,,,,
5,3,5,,,,
5,5,5,,,,
5,3,5,,,,
5,5,5,,,,
5,6,5,,,,
5,4,5,,,,
5,3,5,,,,
5,4,5,,,,
5,4,5,,,,
5,2,5,,,,
5,3,5,,,,
5,4,5,,,,
5,4,5,,,,
5,2,5,,,,
5,4,5,,,,
5,3,5,,,,
5,4,5,,,,
5,3,5,,,,
5,4,5,,,,
5,5,5,,,,
5,5,5,,,,
5,4,5,,,,
5,4,5,,,,
5,4,5,,,,
5,4,5,,,,
5,3,5,,,,
5,2,5,,,,
5,3,5,,,,
5,3,5,,,,
5,4,5,,,,
5,3,5,,,,
5,3,5,,,,
5,4,5,,,,
5,4,5,,,,
5,3,5,,,,
5,3,5,,,,
5,3,5,,,,
5,4,5,,,,
5,3,5,,,,
5,3,5,,,,
5,4,5,,,,
5,2,5,,,,
5,6,5,,,,
5,4,5,,,,
5,5,5,,,,
5,2,5,,,,
5,3,5,,,,
5,3,5,,,,
5,4,5,,,,
5,3,5,,,,
5,4,5,,,,
5,3,5,,,,
5,4,5,,,,
5,5,5,,,,
5,2,5,,,,
5,3,5,,,,
5,5,5,,,,
5,4,5,,,,
5,1,5,,,,
5,4,5,,,,
5,4,5,,,,
5,4,5,,,,
5,4,5,,,,
5,3,5,,,,
5,2,5,,,,
5,3,5,,,,
5,4,5,,,,
5,2,5,,,,
5,5,5,,,,
5,4,5,,,,
5,4,5,,,,
5,5,5,,,,
5,3,5,,,,
5,3,5,,,,
5,4,5,,,,
5,2,5,,,,
5,4,5,,,,
5,4,5,,,,
5,2,5,,,,
5,2,5,,,,
5,3,5,,,,
5,3,5,,,,
5,3,5,,,,
5,2,5,,,,
5,3,5,,,,
5,3,5,,,,
5,3,5,,,,
5,3,5,,,,
5,3,5,,,,
5,2,5,,,,
5,4,5,,,,
5,4,5,,,,
5,4,5,,,,
5,3,5,,,,
5,4,5,,,,
5,4,5,,,,
5,3,5,,,,
5,3,5,,,,
5,4,5,,,,
5,2,5,,,,
5,4,5,,,,
5,4,5,,,,
5,5,5,,,,
5,4,5,,,,
5,3,5,,,,
5,4,5,,,,
5,3,5,,,,
5,3,5,,,,
5,3,5,,,,
5,4,5,,,,
5,3,5,,,,
5,4,5,,,,
5,4,5,,,,
5,5,5,,,,
5,2,5,,,,
5,2,5,,,,
5,4,5,,,,
5,4,5,,,,
5,4,5,,,,
5,2,5,,,,
5,2,5,,,,
5,4,5,,,,
5,3,5,,,,
5,4,5,,,,
5,4,5,,,,
5,2,5,,,,
5,4,5,,,,
5,3,5,,,,
5,5,5,,,,
5,3,5,,,,
5,3,5,,,,
5,5,5,,,,
5,3,5,,,,
5,4,5,,,,
5,3,5,,,,
5,4,5,,,,
5,4,5,,,,
5,5,5,,,,
5,3,5,,,,
5,4,5,,,,
5,3,5,,,,
5,4,5,,,,
5,4,5,,,,
5,4,5,,,,
5,4,5,,,,
5,3,5,,,,
5,4,5,,,,
5,3,5,,,,
5,4,5,,,,
5,5,5,,,,
5,4,5,,,,
5,3,5,,,,
5,4,5,,,,
5,4,5,,,,
5,2,5,,,,
5,3,5,,,,
5,4,5,,,,
5,4,5,,,,
5,2,5,,,,
5,3,5,,,,
5,5,5,,,,
5,4,5,,,,
5,3,5,,,,
5,5,5,,,,
5,3,5,,,,
5,4,5,,,,
5,4,5,,,,
5,3,5,,,,
5,4,5,,,,
5,4,5,,,,
5,4,5,,,,
5,5,5,,,,
5,4,5,,,,
5,2,5,,,,
5,3,5,,,,
5,5,5,,,,
5,5,5,,,,
5,4,5,,,,
5,3,5,,,,
5,3,5,,,,
5,5,5,,,,
5,4,5,,,,
5,3,5,,,,
5,3,5,,,,
5,4,5,,,,
5,2,5,,,,
5,4,5,,,,
5,4,5,,,,
5,3,5,,,,
5,2,5,,,,
5,4,5,,,,
5,3,5,,,,
5,4,5,,,,
5,2,5,,,,
5,4,5,,,,
5,3,5,,,,
5,3,5,,,,
5,5,5,,,,
5,4,5,,,,
5,4,5,,,,
5,1,5,,,,
5,4,5,,,,
5,5,5,,,,
5,4,5,,,,
5,4,5,,,,
5,5,5,,,,
5,3,5,,,,
5,3,5,,,,
5,3,5,,,,
5,5,5,,,,
5,4,5,,,,
5,5,5,,,,
5,5,5,,,,
5,5,5,,,,
5,4,5,,,,
5,4,5,,,,
5,3,5,,,,
5,4,5,,,,
5,4,5,,,,
5,4,5,,,,
5,4,5,,,,
5,4,5,,,,
5,4,5,,,,
5,4,5,,,,
5,4,5,,,,
5,4,5,,,,
5,2,5,,,,
5,4,5,,,,
5,4,5,,,,
5,3,5,,,,
5,4,5,,,,
5,5,5,,,,
5,3,5,,,,
5,4,5,,,,
5,2,5,,,,
5,5,5,,,,
5,3,5,,,,
5,3,5,,,,
5,3,5,,,,
5,4,5,,,,
5,4,5,,,,
5,4,5,,,,
5,3,5,,,,
5,5,5,,,,
5,2,5,,,,
5,4,5,,,,
5,3,5,,,,
5,2,5,,,,
5,4,5,,,,
5,4,5,,,,
5,4,5,,,,
5,3,5,,,,
5,5,5,,,,
5,4,5,,,,
5,4,5,,,,
5,3,5,,,,
5,3,5,,,,
5,4,5,,,,
5,3,5,,,,
5,3,5,,,,
5,4,5,,,,
5,3,5,,,,
5,4,5,,,,
5,4,5,,,,
5,4,5,,,,
5,4,5,,,,
5,4,5,,,,
5,3,5,,,,
5,4,5,,,,
5,4,5,,,,
5,5,5,,,,
5,3,5,,,,
5,5,5,,,,
5,3,5,,,,
5,3,5,,,,
5,4,5,,,,
5,1,5,,,,
5,3,5,,,,
5,4,5,,,,
5,4,5,,,,
5,2,5,,,,
5,5,5,,,,
5,4,5,,,,
5,4,5,,,,
5,3,5,,,,
5,3,5,,,,
5,3,5,,,,
5,4,5,,,,
5,3,5,,,,
5,3,5,,,,
5,3,5,,,,
5,3,5,,,,
5,4,5,,,,
5,3,5,,,,
5,4,5,,,,
5,4,5,,,,
5,3,5,,,,
5,3,5,,,,
5,5,5,,,,
5,4,5,,,,
5,4,5,,,,
5,2,5,,,,
5,5,5,,,,
5,3,5,,,,
5,5,5,,,,
5,4,5,,,,
5,5,5,,,,
5,2,5,,,,
5,3,5,,,,
5,5,5,,,,
5,5,5,,,,
5,3,5,,,,
5,4,5,,,,
5,4,5,,,,
5,3,5,,,,
5,2,5,,,,
5,4,5,,,,
5,5,5,,,,
5,3,5,,,,
5,4,5,,,,
5,3,5,,,,
5,3,5,,,,
5,4,5,,,,
5,4,5,,,,
5,5,5,,,,
5,3,5,,,,
5,4,5,,,,
5,3,5,,,,
5,3,5,,,,
5,4,5,,,,
5,4,5,,,,
5,4,5,,,,
10,3,6,,,,
10,5,6,,,,
10,3,6,,,,
10,4,6,,,,
10,3,6,,,,
10,4,6,,,,
10,3,6,,,,
10,5,6,,,,
10,3,6,,,,
10,3,6,,,,
10,3,6,,,,
10,4,6,,,,
10,5,6,,,,
10,3,6,,,,
10,6,6,,,,
10,4,6,,,,
10,4,6,,,,
10,3,6,,,,
10,3,6,,,,
10,3,6,,,,
10,2,6,,,,
10,2,6,,,,
10,6,6,,,,
10,3,6,,,,
10,3,6,,,,
10,4,6,,,,
10,4,6,,,,
10,4,6,,,,
10,4,6,,,,
10,4,6,,,,
10,4,6,,,,
10,4,6,,,,
10,3,6,,,,
10,5,6,,,,
10,4,6,,,,
10,4,6,,,,
10,3,6,,,,
10,4,6,,,,
10,3,6,,,,
10,4,6,,,,
10,2,6,,,,
10,5,6,,,,
10,4,6,,,,
10,4,6,,,,
10,4,6,,,,
10,5,6,,,,
10,3,6,,,,
10,3,6,,,,
10,4,6,,,,
10,3,6,,,,
10,2,6,,,,
10,4,6,,,,
10,5,6,,,,
10,2,6,,,,
10,2,6,,,,
10,4,6,,,,
10,4,6,,,,
10,3,6,,,,
10,4,6,,,,
10,4,6,,,,
10,2,6,,,,
10,4,6,,,,
10,5,6,,,,
10,3,6,,,,
10,3,6,,,,
10,3,6,,,,
10,4,6,,,,
10,4,6,,,,
10,4,6,,,,
10,4,6,,,,
10,3,6,,,,
10,3,6,,,,
10,3,6,,,,
10,2,6,,,,
10,3,6,,,,
10,2,6,,,,
10,4,6,,,,
10,3,6,,,,
10,5,6,,,,
10,3,6,,,,
10,3,6,,,,
10,4,6,,,,
10,4,6,,,,
10,3,6,,,,
10,4,6,,,,
10,4,6,,,,
10,4,6,,,,
10,3,6,,,,
10,5,6,,,,
10,5,6,,,,
10,5,6,,,,
10,4,6,,,,
10,3,6,,,,
10,2,6,,,,
10,4,6,,,,
10,4,6,,,,
10,3,6,,,,
10,4,6,,,,
10,3,6,,,,
10,4,6,,,,
10,3,6,,,,
10,4,6,,,,
10,3,6,,,,
10,3,6,,,,
10,4,6,,,,
10,4,6,,,,
10,3,6,,,,
10,5,6,,,,
10,4,6,,,,
10,3,6,,,,
10,5,6,,,,
10,4,6,,,,
10,3,6,,,,
10,4,6,,,,
10,4,6,,,,
10,3,6,,,,
10,4,6,,,,
10,3,6,,,,
10,4,6,,,,
10,4,6,,,,
10,4,6,,,,
10,5,6,,,,
10,5,6,,,,
10,4,6,,,,
10,4,6,,,,
10,3,6,,,,
10,4,6,,,,
10,4,6,,,,
10,4,6,,,,
10,4,6,,,,
10,3,6,,,,
10,5,6,,,,
10,4,6,,,,
10,5,6,,,,
10,4,6,,,,
10,3,6,,,,
10,2,6,,,,
10,4,6,,,,
10,3,6,,,,
10,5,6,,,,
10,2,6,,,,
10,4,6,,,,
10,4,6,,,,
10,4,6,,,,
10,4,6,,,,
10,4,6,,,,
10,3,6,,,,
10,3,6,,,,
10,4,6,,,,
10,3,6,,,,
10,3,6,,,,
10,3,6,,,,
10,4,6,,,,
10,3,6,,,,
10,3,6,,,,
10,4,6,,,,
10,4,6,,,,
10,4,6,,,,
10,5,6,,,,
10,4,6,,,,
10,5,6,,,,
10,3,6,,,,
10,3,6,,,,
10,3,6,,,,
10,4,6,,,,
10,3,6,,,,
10,3,6,,,,
10,5,6,,,,
10,4,6,,,,
10,2,6,,,,
10,4,6,,,,
10,4,6,,,,
10,4,6,,,,
10,3,6,,,,
10,3,6,,,,
10,4,6,,,,
10,4,6,,,,
10,3,6,,,,
10,4,6,,,,
10,3,6,,,,
10,3,6,,,,
10,4,6,,,,
10,4,6,,,,
10,4,6,,,,
10,4,6,,,,
10,4,6,,,,
10,3,6,,,,
10,3,6,,,,
10,5,6,,,,
10,2,6,,,,
10,4,6,,,,
10,4,6,,,,
10,4,6,,,,
10,5,6,,,,
10,4,6,,,,
10,3,6,,,,
10,3,6,,,,
10,4,6,,,,
10,4,6,,,,
10,5,6,,,,
10,5,6,,,,
10,4,6,,,,
10,4,6,,,,
10,4,6,,,,
10,5,6,,,,
10,4,6,,,,
10,4,6,,,,
10,5,6,,,,
10,5,6,,,,
10,3,6,,,,
10,3,6,,,,
10,4,6,,,,
10,6,6,,,,
10,3,6,,,,
10,3,6,,,,
10,3,6,,,,
10,3,6,,,,
10,5,6,,,,
10,4,6,,,,
10,4,6,,,,
10,4,6,,,,
10,5,6,,,,
10,3,6,,,,
10,4,6,,,,
10,4,6,,,,
10,6,6,,,,
10,4,6,,,,
10,4,6,,,,
10,4,6,,,,
10,4,6,,,,
10,5,6,,,,
10,4,6,,,,
10,4,6,,,,
10,3,6,,,,
10,4,6,,,,
10,3,6,,,,
10,4,6,,,,
10,5,6,,,,
10,3,6,,,,
10,5,6,,,,
10,5,6,,,,
10,3,6,,,,
10,4,6,,,,
10,5,6,,,,
10,2,6,,,,
10,3,6,,,,
10,4,6,,,,
10,3,6,,,,
10,5,6,,,,
10,5,6,,,,
10,5,6,,,,
10,4,6,,,,
10,4,6,,,,
10,4,6,,,,
10,4,6,,,,
10,4,6,,,,
10,5,6,,,,
10,4,6,,,,
10,4,6,,,,
10,3,6,,,,
10,4,6,,,,
10,3,6,,,,
10,4,6,,,,
10,6,6,,,,
10,5,6,,,,
10,5,6,,,,
10,4,6,,,,
10,4,6,,,,
10,4,6,,,,
10,3,6,,,,
10,4,6,,,,
10,5,6,,,,
10,4,6,,,,
10,4,6,,,,
10,5,6,,,,
10,3,6,,,,
10,3,6,,,,
10,3,6,,,,
10,5,6,,,,
10,3,6,,,,
10,4,6,,,,
10,4,6,,,,
10,3,6,,,,
10,3,6,,,,
10,6,6,,,,
10,3,6,,,,
10,3,6,,,,
10,5,6,,,,
10,3,6,,,,
10,3,6,,,,
10,3,6,,,,
10,4,6,,,,
10,2,6,,,,
10,3,6,,,,
10,5,6,,,,
10,4,6,,,,
10,5,6,,,,
10,4,6,,,,
10,5,6,,,,
10,5,6,,,,
10,3,6,,,,
10,4,6,,,,
10,5,6,,,,
10,4,6,,,,
10,4,6,,,,
10,4,6,,,,
10,3,6,,,,
10,4,6,,,,
10,2,6,,,,
10,5,6,,,,
10,4,6,,,,
10,3,6,,,,
10,4,6,,,,
10,4,6,,,,
10,3,6,,,,
10,4,6,,,,
10,3,6,,,,
10,4,6,,,,
10,3,6,,,,
10,4,6,,,,
10,4,6,,,,
10,4,6,,,,
10,4,6,,,,
10,4,6,,,,
10,3,6,,,,
10,4,6,,,,
10,4,6,,,,
10,5,6,,,,
10,4,6,,,,
10,5,6,,,,
10,5,6,,,,
10,4,6,,,,
10,4,6,,,,
10,4,6,,,,
10,5,6,,,,
10,4,6,,,,
10,2,6,,,,
10,4,6,,,,
10,3,6,,,,
10,4,6,,,,
10,3,6,,,,
10,3,6,,,,
10,3,6,,,,
10,3,6,,,,
10,3,6,,,,
10,4,6,,,,
10,5,6,,,,
10,5,6,,,,
10,5,6,,,,
10,3,6,,,,
10,4,6,,,,
10,3,6,,,,
10,4,6,,,,
10,2,6,,,,
10,4,6,,,,
10,4,6,,,,
10,2,6,,,,
10,3,6,,,,
10,3,6,,,,
10,3,6,,,,
10,4,6,,,,
10,5,6,,,,
10,4,6,,,,
10,4,6,,,,
10,4,6,,,,
10,4,6,,,,
10,3,6,,,,
10,4,6,,,,
10,4,6,,,,
10,4,6,,,,
10,4,6,,,,
10,3,6,,,,
10,3,6,,,,
10,3,6,,,,
10,5,6,,,,
10,4,6,,,,
10,3,6,,,,
10,4,6,,,,
10,3,6,,,,
10,4,6,,,,
10,5,6,,,,
10,4,6,,,,
10,3,6,,,,
10,5,6,,,,
10,2,6,,,,
10,4,6,,,,
10,4,6,,,,
10,3,6,,,,
10,5,6,,,,
10,3,6,,,,
10,3,6,,,,
10,3,6,,,,
10,4,6,,,,
10,4,6,,,,
10,3,6,,,,
10,4,6,,,,
10,5,6,,,,
10,5,6,,,,
10,2,6,,,,
10,3,6,,,,
10,3,6,,,,
10,4,6,,,,
10,4,6,,,,
10,5,6,,,,
10,4,6,,,,
10,4,6,,,,
10,3,6,,,,
10,3,6,,,,
10,5,6,,,,
10,3,6,,,,
10,5,6,,,,
10,4,6,,,,
10,4,6,,,,
10,4,6,,,,
10,3,6,,,,
10,3,6,,,,
10,3,6,,,,
10,3,6,,,,
10,2,6,,,,
10,4,6,,,,
10,3,6,,,,
10,5,6,,,,
10,4,6,,,,
10,3,6,,,,
10,2,6,,,,
10,3,6,,,,
10,4,6,,,,
10,4,6,,,,
10,5,6,,,,
10,5,6,,,,
10,2,6,,,,
10,3,6,,,,
10,4,6,,,,
10,3,6,,,,
10,4,6,,,,
10,4,6,,,,
10,5,6,,,,
10,5,6,,,,
10,5,6,,,,
10,4,6,,,,
10,5,6,,,,
10,2,6,,,,
10,4,6,,,,
10,4,6,,,,
10,2,6,,,,
10,1,6,,,,
10,4,6,,,,
10,3,6,,,,
10,6,6,,,,
10,2,6,,,,
10,4,6,,,,
10,4,6,,,,
10,4,6,,,,
10,3,6,,,,
10,3,6,,,,
10,3,6,,,,
10,4,6,,,,
10,3,6,,,,
10,3,6,,,,
10,5,6,,,,
10,4,6,,,,
10,3,6,,,,
10,4,6,,,,
10,5,6,,,,
10,4,6,,,,
10,5,6,,,,
10,5,6,,,,
10,4,6,,,,
10,4,6,,,,
10,4,6,,,,
10,5,6,,,,
10,4,6,,,,
10,5,6,,,,
10,4,6,,,,
10,3,6,,,,
10,4,6,,,,
10,4,6,,,,
10,4,6,,,,
10,3,6,,,,
10,2,6,,,,
10,4,6,,,,
10,4,6,,,,
10,3,6,,,,
10,2,6,,,,
10,4,6,,,,
10,2,6,,,,
10,4,6,,,,
10,2,6,,,,
10,3,6,,,,
10,3,6,,,,
10,4,6,,,,
10,4,6,,,,
10,3,6,,,,
10,4,6,,,,
10,4,6,,,,
10,3,6,,,,
10,3,6,,,,
10,3,6,,,,
10,5,6,,,,
10,3,6,,,,
10,5,6,,,,
10,5,6,,,,
10,2,6,,,,
10,5,6,,,,
10,5,6,,,,
10,3,6,,,,
10,6,6,,,,
10,4,6,,,,
10,3,6,,,,
10,3,6,,,,
10,2,6,,,,
10,4,6,,,,
10,3,6,,,,
10,5,6,,,,
10,4,6,,,,
10,3,6,,,,
10,5,6,,,,
10,3,6,,,,
10,4,6,,,,
10,4,6,,,,
10,3,6,,,,
10,3,6,,,,
10,1,6,,,,
10,4,6,,,,
10,4,6,,,,
10,3,6,,,,
10,3,6,,,,
10,2,6,,,,
10,3,6,,,,
10,3,6,,,,
10,5,6,,,,
10,4,6,,,,
10,4,6,,,,
10,4,6,,,,
10,4,6,,,,
10,5,6,,,,
10,5,6,,,,
10,4,6,,,,
10,5,6,,,,
10,5,6,,,,
10,3,6,,,,
10,3,6,,,,
10,3,6,,,,
10,2,6,,,,
10,1,6,,,,
10,2,6,,,,
10,5,6,,,,
10,3,6,,,,
10,3,6,,,,
10,4,6,,,,
10,6,6,,,,
10,5,6,,,,
10,6,6,,,,
10,4,6,,,,
10,3,6,,,,
10,5,6,,,,
10,3,6,,,,
10,3,6,,,,
10,3,6,,,,
10,3,6,,,,
10,5,6,,,,
10,4,6,,,,
10,2,6,,,,
10,5,6,,,,
10,3,6,,,,
10,4,6,,,,
10,5,6,,,,
10,3,6,,,,
10,4,6,,,,
10,2,6,,,,
10,6,6,,,,
10,4,6,,,,
10,3,6,,,,
10,5,6,,,,
10,3,6,,,,
10,4,6,,,,
10,4,6,,,,
10,5,6,,,,
10,4,6,,,,
10,3,6,,,,
10,4,6,,,,
10,4,6,,,,
10,4,6,,,,
10,5,6,,,,
10,4,6,,,,
10,4,6,,,,
10,3,6,,,,
10,4,6,,,,
10,5,6,,,,
10,4,6,,,,
10,4,6,,,,
10,2,6,,,,
10,3,6,,,,
10,3,6,,,,
10,3,6,,,,
10,2,6,,,,
10,3,6,,,,
10,4,6,,,,
10,3,6,,,,
10,5,6,,,,
10,5,6,,,,
10,4,6,,,,
10,4,6,,,,
10,5,6,,,,
10,4,6,,,,
10,5,6,,,,
10,4,6,,,,
10,4,6,,,,
10,4,6,,,,
10,3,6,,,,
10,5,6,,,,
10,4,6,,,,
10,5,6,,,,
10,4,6,,,,
10,4,6,,,,
10,5,6,,,,
10,4,6,,,,
10,4,6,,,,
10,4,6,,,,
10,5,6,,,,
10,4,6,,,,
10,4,6,,,,
10,2,6,,,,
10,4,6,,,,
10,5,6,,,,
10,3,6,,,,
10,4,6,,,,
10,5,6,,,,
10,4,6,,,,
10,4,6,,,,
10,4,6,,,,
10,4,6,,,,
10,3,6,,,,
10,4,6,,,,
10,4,6,,,,
10,5,6,,,,
10,4,6,,,,
10,4,6,,,,
10,5,6,,,,
10,4,6,,,,
10,3,6,,,,
10,2,6,,,,
10,5,6,,,,
10,4,6,,,,
10,4,6,,,,
10,2,6,,,,
10,4,6,,,,
10,2,6,,,,
10,4,6,,,,
10,3,6,,,,
10,3,6,,,,
10,4,6,,,,
10,2,6,,,,
10,3,6,,,,
10,3,6,,,,
10,4,6,,,,
10,5,6,,,,
10,4,6,,,,
10,4,6,,,,
10,3,6,,,,
10,3,6,,,,
10,5,6,,,,
10,4,6,,,,
10,4,6,,,,
10,4,6,,,,
10,5,6,,,,
10,4,6,,,,
10,4,6,,,,
10,4,6,,,,
10,4,6,,,,
10,4,6,,,,
10,5,6,,,,
10,4,6,,,,
10,2,6,,,,
10,3,6,,,,
10,2,6,,,,
10,4,6,,,,
10,3,6,,,,
10,2,6,,,,
10,4,6,,,,
10,4,6,,,,
10,2,6,,,,
10,4,6,,,,
10,5,6,,,,
10,4,6,,,,
10,4,6,,,,
10,3,6,,,,
10,4,6,,,,
10,4,6,,,,
10,4,6,,,,
10,3,6,,,,
10,3,6,,,,
10,2,6,,,,
10,3,6,,,,
10,4,6,,,,
10,4,6,,,,
10,4,6,,,,
10,4,6,,,,
10,3,6,,,,
10,4,6,,,,
10,5,6,,,,
10,3,6,,,,
10,4,6,,,,
10,3,6,,,,
10,4,6,,,,
10,3,6,,,,
10,4,6,,,,
10,2,6,,,,
10,4,6,,,,
10,4,6,,,,
10,5,6,,,,
10,5,6,,,,
10,3,6,,,,
10,2,6,,,,
10,3,6,,,,
10,4,6,,,,
10,2,6,,,,
10,3,6,,,,
10,2,6,,,,
10,3,6,,,,
10,4,6,,,,
10,4,6,,,,
10,2,6,,,,
10,4,6,,,,
10,5,6,,,,
10,4,6,,,,
10,4,6,,,,
10,4,6,,,,
10,1,6,,,,
10,4,6,,,,
10,5,6,,,,
10,2,6,,,,
10,4,6,,,,
10,4,6,,,,
10,2,6,,,,
10,4,6,,,,
10,3,6,,,,
10,4,6,,,,
10,4,6,,,,
10,3,6,,,,
10,5,6,,,,
10,3,6,,,,
10,4,6,,,,
10,4,6,,,,
10,4,6,,,,
10,4,6,,,,
10,3,6,,,,
10,3,6,,,,
10,3,6,,,,
10,5,6,,,,
10,3,6,,,,
10,3,6,,,,
10,4,6,,,,
10,2,6,,,,
10,3,6,,,,
10,4,6,,,,
10,5,6,,,,
10,4,6,,,,
10,3,6,,,,
10,2,6,,,,
10,3,6,,,,
10,5,6,,,,
10,3,6,,,,
10,4,6,,,,
10,5,6,,,,
10,4,6,,,,
10,3,6,,,,
10,4,6,,,,
10,3,6,,,,
10,4,6,,,,
10,4,6,,,,
10,3,6,,,,
10,4,6,,,,
10,3,6,,,,
10,4,6,,,,
10,4,6,,,,
10,4,6,,,,
10,4,6,,,,
10,3,6,,,,
10,4,6,,,,
10,3,6,,,,
10,4,6,,,,
10,6,6,,,,
10,3,6,,,,
10,3,6,,,,
10,4,6,,,,
10,3,6,,,,
10,4,6,,,,
10,4,6,,,,
10,4,6,,,,
10,4,6,,,,
10,4,6,,,,
10,3,6,,,,
10,5,6,,,,
10,3,6,,,,
10,3,6,,,,
10,4,6,,,,
10,5,6,,,,
10,2,6,,,,
10,1,6,,,,
10,4,6,,,,
10,4,6,,,,
10,4,6,,,,
10,3,6,,,,
10,3,6,,,,
10,4,6,,,,
10,4,6,,,,
10,3,6,,,,
10,3,6,,,,
10,3,6,,,,
10,4,6,,,,
10,3,6,,,,
10,2,6,,,,
10,3,6,,,,
10,5,6,,,,
10,4,6,,,,
10,4,6,,,,
10,4,6,,,,
10,5,6,,,,
10,4,6,,,,
10,5,6,,,,
10,4,6,,,,
10,4,6,,,,
10,4,6,,,,
10,4,6,,,,
10,3,6,,,,
10,3,6,,,,
10,3,6,,,,
10,3,6,,,,
10,4,6,,,,
10,4,6,,,,
10,5,6,,,,
10,4,6,,,,
10,4,6,,,,
10,4,6,,,,
10,4,6,,,,
10,4,6,,,,
10,5,6,,,,
10,2,6,,,,
10,3,6,,,,
10,5,6,,,,
10,1,6,,,,
10,2,6,,,,
10,3,6,,,,
10,2,6,,,,
10,4,6,,,,
10,2,6,,,,
10,5,6,,,,
10,3,6,,,,
10,5,6,,,,
10,4,6,,,,
10,3,6,,,,
10,4,6,,,,
10,3,6,,,,
10,3,6,,,,
10,4,6,,,,
10,5,6,,,,
10,4,6,,,,
10,5,6,,,,
10,3,6,,,,
10,4,6,,,,
10,4,6,,,,
10,5,6,,,,
10,3,6,,,,
10,5,6,,,,
10,3,6,,,,
10,3,6,,,,
10,4,6,,,,
10,4,6,,,,
10,4,6,,,,
10,2,6,,,,
10,2,6,,,,
10,3,6,,,,
10,5,6,,,,
10,4,6,,,,
10,4,6,,,,
10,2,6,,,,
10,4,6,,,,
10,4,6,,,,
10,3,6,,,,
10,5,6,,,,
10,4,6,,,,
10,4,6,,,,
10,2,6,,,,
10,3,6,,,,
10,3,6,,,,
10,6,6,,,,
10,3,6,,,,
10,4,6,,,,
10,5,6,,,,
10,4,6,,,,
10,3,6,,,,
10,3,6,,,,
10,4,6,,,,
10,3,6,,,,
10,4,6,,,,
10,5,6,,,,
10,3,6,,,,
10,4,6,,,,
10,4,6,,,,
10,4,6,,,,
10,4,6,,,,
10,3,6,,,,
10,1,6,,,,
10,4,6,,,,
10,4,6,,,,
10,6,6,,,,
10,5,6,,,,
10,4,6,,,,
10,4,6,,,,
10,4,6,,,,
10,4,6,,,,
10,3,6,,,,
10,3,6,,,,
10,4,6,,,,
10,3,6,,,,
10,2,6,,,,
10,4,6,,,,
10,3,6,,,,
10,5,6,,,,
10,3,6,,,,
10,2,6,,,,
10,3,6,,,,
10,4,6,,,,
10,2,6,,,,
10,3,6,,,,
10,5,6,,,,
10,3,6,,,,
10,4,6,,,,
10,3,6,,,,
10,4,6,,,,
10,4,6,,,,
10,4,6,,,,
10,3,6,,,,
10,3,6,,,,
10,5,6,,,,
10,6,6,,,,
10,4,6,,,,
10,3,6,,,,
10,4,6,,,,
10,3,6,,,,
10,4,6,,,,
10,6,6,,,,
10,3,6,,,,
10,2,6,,,,
10,4,6,,,,
10,3,6,,,,
10,4,6,,,,
10,4,6,,,,
10,4,6,,,,
10,4,6,,,,
10,4,6,,,,
10,3,6,,,,
10,5,6,,,,
10,3,6,,,,
10,4,6,,,,
10,3,6,,,,
10,3,6,,,,
10,4,6,,,,
10,5,6,,,,
10,4,6,,,,
10,4,6,,,,
10,5,6,,,,
10,5,6,,,,
10,4,6,,,,
10,5,6,,,,
10,3,6,,,,
10,4,6,,,,
10,5,6,,,,
10,4,6,,,,
10,4,6,,,,
10,5,6,,,,
10,4,6,,,,
10,2,6,,,,
10,2,6,,,,
10,2,6,,,,
10,4,6,,,,
10,3,6,,,,
10,4,6,,,,
10,4,6,,,,
10,2,6,,,,
10,3,6,,,,
10,4,6,,,,
10,5,6,,,,
10,4,6,,,,
10,3,6,,,,
10,4,6,,,,
10,5,6,,,,
10,2,6,,,,
10,4,6,,,,
10,6,6,,,,
10,5,6,,,,
10,3,6,,,,
10,4,6,,,,
10,5,6,,,,
10,4,6,,,,
10,4,6,,,,
10,3,6,,,,
10,4,6,,,,
10,2,6,,,,
15,5,7,,,,
15,4,7,,,,
15,3,7,,,,
15,4,7,,,,
15,4,7,,,,
15,4,7,,,,
15,4,7,,,,
15,5,7,,,,
15,2,7,,,,
15,3,7,,,,
15,4,7,,,,
15,3,7,,,,
15,4,7,,,,
15,4,7,,,,
15,3,7,,,,
15,4,7,,,,
15,5,7,,,,
15,4,7,,,,
15,4,7,,,,
15,5,7,,,,
15,4,7,,,,
15,2,7,,,,
15,5,7,,,,
15,4,7,,,,
15,3,7,,,,
15,4,7,,,,
15,4,7,,,,
15,5,7,,,,
15,5,7,,,,
15,3,7,,,,
15,4,7,,,,
15,4,7,,,,
15,5,7,,,,
15,5,7,,,,
15,4,7,,,,
15,3,7,,,,
15,5,7,,,,
15,5,7,,,,
15,3,7,,,,
15,2,7,,,,
15,4,7,,,,
15,5,7,,,,
15,3,7,,,,
15,3,7,,,,
15,5,7,,,,
15,3,7,,,,
15,4,7,,,,
15,4,7,,,,
15,5,7,,,,
15,4,7,,,,
15,1,7,,,,
15,4,7,,,,
15,5,7,,,,
15,4,7,,,,
15,4,7,,,,
15,3,7,,,,
15,4,7,,,,
15,2,7,,,,
15,5,7,,,,
15,3,7,,,,
15,3,7,,,,
15,4,7,,,,
15,4,7,,,,
15,3,7,,,,
15,4,7,,,,
15,4,7,,,,
15,3,7,,,,
15,3,7,,,,
15,5,7,,,,
15,4,7,,,,
15,5,7,,,,
15,3,7,,,,
15,5,7,,,,
15,4,7,,,,
15,3,7,,,,
15,5,7,,,,
15,4,7,,,,
15,4,7,,,,
15,4,7,,,,
15,4,7,,,,
15,4,7,,,,
15,3,7,,,,
15,4,7,,,,
15,5,7,,,,
15,2,7,,,,
15,3,7,,,,
15,4,7,,,,
15,5,7,,,,
15,3,7,,,,
15,3,7,,,,
15,4,7,,,,
15,3,7,,,,
15,2,7,,,,
15,2,7,,,,
15,5,7,,,,
15,5,7,,,,
15,4,7,,,,
15,3,7,,,,
15,4,7,,,,
15,2,7,,,,
15,4,7,,,,
15,4,7,,,,
15,4,7,,,,
15,3,7,,,,
15,5,7,,,,
15,6,7,,,,
15,2,7,,,,
15,5,7,,,,
15,4,7,,,,
15,5,7,,,,
15,4,7,,,,
15,3,7,,,,
15,5,7,,,,
15,5,7,,,,
15,4,7,,,,
15,4,7,,,,
15,4,7,,,,
15,4,7,,,,
15,4,7,,,,
15,4,7,,,,
15,3,7,,,,
15,3,7,,,,
15,3,7,,,,
15,4,7,,,,
15,4,7,,,,
15,3,7,,,,
15,4,7,,,,
15,5,7,,,,
15,3,7,,,,
15,3,7,,,,
15,2,7,,,,
15,5,7,,,,
15,3,7,,,,
15,3,7,,,,
15,4,7,,,,
15,5,7,,,,
15,5,7,,,,
15,5,7,,,,
15,5,7,,,,
15,2,7,,,,
15,3,7,,,,
15,4,7,,,,
15,4,7,,,,
15,3,7,,,,
15,5,7,,,,
15,6,7,,,,
15,7,7,,,,
15,5,7,,,,
15,5,7,,,,
15,4,7,,,,
15,5,7,,,,
15,4,7,,,,
15,5,7,,,,
15,5,7,,,,
15,3,7,,,,
15,2,7,,,,
15,4,7,,,,
15,5,7,,,,
15,4,7,,,,
15,3,7,,,,
15,3,7,,,,
15,4,7,,,,
15,4,7,,,,
15,2,7,,,,
15,3,7,,,,
15,4,7,,,,
15,4,7,,,,
15,3,7,,,,
15,4,7,,,,
15,4,7,,,,
15,4,7,,,,
15,3,7,,,,
15,4,7,,,,
15,5,7,,,,
15,4,7,,,,
15,4,7,,,,
15,4,7,,,,
15,4,7,,,,
15,3,7,,,,
15,4,7,,,,
15,4,7,,,,
15,4,7,,,,
15,5,7,,,,
15,3,7,,,,
15,3,7,,,,
15,4,7,,,,
15,3,7,,,,
15,4,7,,,,
15,4,7,,,,
15,4,7,,,,
15,3,7,,,,
15,5,7,,,,
15,4,7,,,,
15,4,7,,,,
15,4,7,,,,
15,4,7,,,,
15,3,7,,,,
15,3,7,,,,
15,4,7,,,,
15,3,7,,,,
15,6,7,,,,
15,3,7,,,,
15,4,7,,,,
15,2,7,,,,
15,3,7,,,,
15,5,7,,,,
15,5,7,,,,
15,3,7,,,,
15,5,7,,,,
15,4,7,,,,
15,4,7,,,,
15,2,7,,,,
15,3,7,,,,
15,4,7,,,,
15,5,7,,,,
15,3,7,,,,
15,2,7,,,,
15,4,7,,,,
15,4,7,,,,
15,5,7,,,,
15,4,7,,,,
15,4,7,,,,
15,4,7,,,,
15,4,7,,,,
15,5,7,,,,
15,3,7,,,,
15,2,7,,,,
15,3,7,,,,
15,5,7,,,,
15,4,7,,,,
15,5,7,,,,
15,5,7,,,,
15,2,7,,,,
15,6,7,,,,
15,4,7,,,,
15,4,7,,,,
15,6,7,,,,
15,4,7,,,,
15,4,7,,,,
15,4,7,,,,
15,6,7,,,,
15,4,7,,,,
15,4,7,,,,
15,4,7,,,,
15,3,7,,,,
15,2,7,,,,
15,3,7,,,,
15,3,7,,,,
15,3,7,,,,
15,5,7,,,,
15,3,7,,,,
15,3,7,,,,
15,2,7,,,,
15,6,7,,,,
15,3,7,,,,
15,3,7,,,,
15,4,7,,,,
15,3,7,,,,
15,4,7,,,,
15,4,7,,,,
15,4,7,,,,
15,5,7,,,,
15,4,7,,,,
15,4,7,,,,
15,4,7,,,,
15,3,7,,,,
15,5,7,,,,
15,4,7,,,,
15,3,7,,,,
15,4,7,,,,
15,2,7,,,,
15,4,7,,,,
15,5,7,,,,
15,4,7,,,,
15,4,7,,,,
15,4,7,,,,
15,3,7,,,,
15,5,7,,,,
15,4,7,,,,
15,2,7,,,,
15,5,7,,,,
15,6,7,,,,
15,4,7,,,,
15,5,7,,,,
15,6,7,,,,
15,5,7,,,,
15,2,7,,,,
15,2,7,,,,
15,3,7,,,,
15,5,7,,,,
15,4,7,,,,
15,4,7,,,,
15,2,7,,,,
15,4,7,,,,
15,5,7,,,,
15,3,7,,,,
15,4,7,,,,
15,5,7,,,,
15,4,7,,,,
15,3,7,,,,
15,3,7,,,,
15,4,7,,,,
15,4,7,,,,
15,5,7,,,,
15,4,7,,,,
15,3,7,,,,
15,4,7,,,,
15,3,7,,,,
15,4,7,,,,
15,2,7,,,,
15,5,7,,,,
15,3,7,,,,
15,4,7,,,,
15,3,7,,,,
15,2,7,,,,
15,3,7,,,,
15,4,7,,,,
15,3,7,,,,
15,4,7,,,,
15,4,7,,,,
15,4,7,,,,
15,4,7,,,,
15,2,7,,,,
15,3,7,,,,
15,4,7,,,,
15,5,7,,,,
15,4,7,,,,
15,3,7,,,,
15,3,7,,,,
15,3,7,,,,
15,3,7,,,,
15,5,7,,,,
15,4,7,,,,
15,3,7,,,,
15,5,7,,,,
15,6,7,,,,
15,5,7,,,,
15,4,7,,,,
15,5,7,,,,
15,3,7,,,,
15,4,7,,,,
15,3,7,,,,
15,2,7,,,,
15,4,7,,,,
15,4,7,,,,
15,5,7,,,,
15,5,7,,,,
15,4,7,,,,
15,4,7,,,,
15,4,7,,,,
15,6,7,,,,
15,4,7,,,,
15,5,7,,,,
15,5,7,,,,
15,4,7,,,,
15,4,7,,,,
15,5,7,,,,
15,5,7,,,,
15,4,7,,,,
15,5,7,,,,
15,5,7,,,,
15,5,7,,,,
15,3,7,,,,
15,4,7,,,,
15,3,7,,,,
15,2,7,,,,
15,4,7,,,,
15,4,7,,,,
15,3,7,,,,
15,5,7,,,,
15,5,7,,,,
15,4,7,,,,
15,3,7,,,,
15,4,7,,,,
15,5,7,,,,
15,4,7,,,,
15,3,7,,,,
15,4,7,,,,
15,3,7,,,,
15,3,7,,,,
15,6,7,,,,
15,4,7,,,,
15,5,7,,,,
15,4,7,,,,
15,4,7,,,,
15,5,7,,,,
15,5,7,,,,
15,5,7,,,,
15,4,7,,,,
15,4,7,,,,
15,3,7,,,,
15,3,7,,,,
15,6,7,,,,
15,4,7,,,,
15,3,7,,,,
15,3,7,,,,
15,4,7,,,,
15,3,7,,,,
15,5,7,,,,
15,5,7,,,,
15,5,7,,,,
15,5,7,,,,
15,4,7,,,,
15,4,7,,,,
15,3,7,,,,
15,5,7,,,,
15,3,7,,,,
15,4,7,,,,
15,4,7,,,,
15,3,7,,,,
15,6,7,,,,
15,3,7,,,,
15,4,7,,,,
15,4,7,,,,
15,3,7,,,,
15,4,7,,,,
15,4,7,,,,
15,4,7,,,,
15,3,7,,,,
15,4,7,,,,
15,4,7,,,,
15,3,7,,,,
15,4,7,,,,
15,4,7,,,,
15,4,7,,,,
15,5,7,,,,
15,4,7,,,,
15,5,7,,,,
15,4,7,,,,
15,3,7,,,,
15,5,7,,,,
15,3,7,,,,
15,4,7,,,,
15,1,7,,,,
15,6,7,,,,
15,2,7,,,,
15,4,7,,,,
15,2,7,,,,
15,2,7,,,,
15,4,7,,,,
15,3,7,,,,
15,5,7,,,,
15,3,7,,,,
15,5,7,,,,
15,3,7,,,,
15,3,7,,,,
15,5,7,,,,
15,5,7,,,,
15,3,7,,,,
15,3,7,,,,
15,3,7,,,,
15,3,7,,,,
15,4,7,,,,
15,3,7,,,,
15,5,7,,,,
15,3,7,,,,
15,5,7,,,,
15,4,7,,,,
15,5,7,,,,
15,3,7,,,,
15,3,7,,,,
15,5,7,,,,
15,2,7,,,,
15,4,7,,,,
15,2,7,,,,
15,5,7,,,,
15,4,7,,,,
15,3,7,,,,
15,3,7,,,,
15,4,7,,,,
15,3,7,,,,
15,3,7,,,,
15,5,7,,,,
15,4,7,,,,
15,3,7,,,,
15,6,7,,,,
15,3,7,,,,
15,4,7,,,,
15,1,7,,,,
15,4,7,,,,
15,5,7,,,,
15,4,7,,,,
15,4,7,,,,
15,5,7,,,,
15,4,7,,,,
15,3,7,,,,
15,5,7,,,,
15,4,7,,,,
15,5,7,,,,
15,4,7,,,,
15,2,7,,,,
15,5,7,,,,
15,4,7,,,,
15,5,7,,,,
15,3,7,,,,
15,5,7,,,,
15,4,7,,,,
15,4,7,,,,
15,3,7,,,,
15,4,7,,,,
15,5,7,,,,
15,3,7,,,,
15,5,7,,,,
15,5,7,,,,
15,4,7,,,,
15,4,7,,,,
15,3,7,,,,
15,4,7,,,,
15,3,7,,,,
15,4,7,,,,
15,4,7,,,,
15,2,7,,,,
15,4,7,,,,
15,4,7,,,,
15,4,7,,,,
15,3,7,,,,
15,4,7,,,,
15,4,7,,,,
15,5,7,,,,
15,3,7,,,,
15,4,7,,,,
15,5,7,,,,
15,5,7,,,,
15,4,7,,,,
15,3,7,,,,
15,4,7,,,,
15,3,7,,,,
15,6,7,,,,
15,5,7,,,,
15,4,7,,,,
15,3,7,,,,
15,4,7,,,,
15,4,7,,,,
15,4,7,,,,
15,4,7,,,,
15,5,7,,,,
15,5,7,,,,
15,6,7,,,,
15,4,7,,,,
15,3,7,,,,
15,4,7,,,,
15,4,7,,,,
15,4,7,,,,
15,3,7,,,,
15,5,7,,,,
15,3,7,,,,
15,3,7,,,,
15,4,7,,,,
15,3,7,,,,
15,3,7,,,,
15,4,7,,,,
15,2,7,,,,
15,3,7,,,,
15,5,7,,,,
15,5,7,,,,
15,5,7,,,,
15,4,7,,,,
15,4,7,,,,
15,3,7,,,,
15,5,7,,,,
15,4,7,,,,
15,5,7,,,,
15,3,7,,,,
15,5,7,,,,
15,4,7,,,,
15,5,7,,,,
15,5,7,,,,
15,4,7,,,,
15,4,7,,,,
15,3,7,,,,
15,4,7,,,,
15,5,7,,,,
15,6,7,,,,
15,3,7,,,,
15,4,7,,,,
15,2,7,,,,
15,4,7,,,,
15,3,7,,,,
15,4,7,,,,
15,3,7,,,,
15,4,7,,,,
15,3,7,,,,
15,3,7,,,,
15,2,7,,,,
15,5,7,,,,
15,4,7,,,,
15,3,7,,,,
15,4,7,,,,
15,5,7,,,,
15,2,7,,,,
15,3,7,,,,
15,3,7,,,,
15,3,7,,,,
15,3,7,,,,
15,3,7,,,,
15,4,7,,,,
15,3,7,,,,
15,3,7,,,,
15,5,7,,,,
15,4,7,,,,
15,4,7,,,,
15,5,7,,,,
15,5,7,,,,
15,4,7,,,,
15,5,7,,,,
15,5,7,,,,
15,4,7,,,,
15,4,7,,,,
15,5,7,,,,
15,5,7,,,,
15,3,7,,,,
15,3,7,,,,
15,4,7,,,,
15,4,7,,,,
15,4,7,,,,
15,4,7,,,,
15,4,7,,,,
15,3,7,,,,
15,3,7,,,,
15,4,7,,,,
15,5,7,,,,
15,3,7,,,,
15,4,7,,,,
15,4,7,,,,
15,2,7,,,,
15,6,7,,,,
15,3,7,,,,
15,4,7,,,,
15,4,7,,,,
15,5,7,,,,
15,5,7,,,,
15,4,7,,,,
15,4,7,,,,
15,3,7,,,,
15,3,7,,,,
15,2,7,,,,
15,3,7,,,,
15,4,7,,,,
15,4,7,,,,
15,3,7,,,,
15,4,7,,,,
15,5,7,,,,
15,4,7,,,,
15,3,7,,,,
15,4,7,,,,
15,4,7,,,,
15,6,7,,,,
15,4,7,,,,
15,1,7,,,,
15,3,7,,,,
15,5,7,,,,
15,5,7,,,,
15,4,7,,,,
15,5,7,,,,
15,4,7,,,,
15,4,7,,,,
15,5,7,,,,
15,3,7,,,,
15,3,7,,,,
15,3,7,,,,
15,5,7,,,,
15,3,7,,,,
15,3,7,,,,
15,4,7,,,,
15,3,7,,,,
15,4,7,,,,
15,4,7,,,,
15,3,7,,,,
15,2,7,,,,
15,5,7,,,,
15,2,7,,,,
15,4,7,,,,
15,4,7,,,,
15,4,7,,,,
15,4,7,,,,
15,4,7,,,,
15,3,7,,,,
15,6,7,,,,
15,4,7,,,,
15,4,7,,,,
15,3,7,,,,
15,4,7,,,,
15,2,7,,,,
15,2,7,,,,
15,4,7,,,,
15,5,7,,,,
15,4,7,,,,
15,4,7,,,,
15,3,7,,,,
15,2,7,,,,
15,4,7,,,,
15,4,7,,,,
15,4,7,,,,
15,5,7,,,,
15,4,7,,,,
15,4,7,,,,
15,4,7,,,,
15,3,7,,,,
15,3,7,,,,
15,4,7,,,,
15,3,7,,,,
15,2,7,,,,
15,4,7,,,,
15,5,7,,,,
15,4,7,,,,
15,4,7,,,,
15,4,7,,,,
15,3,7,,,,
15,4,7,,,,
15,4,7,,,,
15,4,7,,,,
15,3,7,,,,
15,1,7,,,,
15,2,7,,,,
15,2,7,,,,
15,2,7,,,,
15,4,7,,,,
15,1,7,,,,
15,3,7,,,,
15,3,7,,,,
15,3,7,,,,
15,4,7,,,,
15,4,7,,,,
15,4,7,,,,
15,3,7,,,,
15,3,7,,,,
15,4,7,,,,
15,5,7,,,,
15,3,7,,,,
15,3,7,,,,
15,4,7,,,,
15,5,7,,,,
15,5,7,,,,
15,5,7,,,,
15,4,7,,,,
15,3,7,,,,
15,4,7,,,,
15,3,7,,,,
15,4,7,,,,
15,4,7,,,,
15,4,7,,,,
15,3,7,,,,
15,3,7,,,,
15,4,7,,,,
15,5,7,,,,
15,3,7,,,,
15,4,7,,,,
15,5,7,,,,
15,4,7,,,,
15,4,7,,,,
15,3,7,,,,
15,4,7,,,,
15,4,7,,,,
15,3,7,,,,
15,4,7,,,,
15,3,7,,,,
15,5,7,,,,
15,3,7,,,,
15,5,7,,,,
15,3,7,,,,
15,5,7,,,,
15,3,7,,,,
15,3,7,,,,
15,3,7,,,,
15,4,7,,,,
15,4,7,,,,
15,3,7,,,,
15,3,7,,,,
15,2,7,,,,
15,3,7,,,,
15,3,7,,,,
15,4,7,,,,
15,4,7,,,,
15,3,7,,,,
15,5,7,,,,
15,5,7,,,,
15,2,7,,,,
15,6,7,,,,
15,5,7,,,,
15,5,7,,,,
15,4,7,,,,
15,5,7,,,,
15,4,7,,,,
15,4,7,,,,
15,3,7,,,,
15,5,7,,,,
15,4,7,,,,
15,4,7,,,,
15,5,7,,,,
15,6,7,,,,
15,4,7,,,,
15,5,7,,,,
15,5,7,,,,
15,3,7,,,,
15,2,7,,,,
15,4,7,,,,
15,4,7,,,,
15,4,7,,,,
15,3,7,,,,
15,3,7,,,,
15,5,7,,,,
15,5,7,,,,
15,3,7,,,,
15,3,7,,,,
15,4,7,,,,
15,5,7,,,,
15,3,7,,,,
15,4,7,,,,
15,3,7,,,,
15,4,7,,,,
15,3,7,,,,
15,4,7,,,,
15,3,7,,,,
15,3,7,,,,
15,4,7,,,,
15,4,7,,,,
15,5,7,,,,
15,3,7,,,,
15,5,7,,,,
15,4,7,,,,
15,4,7,,,,
15,4,7,,,,
15,3,7,,,,
15,4,7,,,,
15,3,7,,,,
15,4,7,,,,
15,4,7,,,,
15,3,7,,,,
15,3,7,,,,
15,2,7,,,,
15,3,7,,,,
15,3,7,,,,
15,3,7,,,,
15,3,7,,,,
15,4,7,,,,
15,4,7,,,,
15,1,7,,,,
15,4,7,,,,
15,3,7,,,,
15,4,7,,,,
15,1,7,,,,
15,3,7,,,,
15,3,7,,,,
15,4,7,,,,
15,5,7,,,,
15,3,7,,,,
15,4,7,,,,
15,3,7,,,,
15,5,7,,,,
15,2,7,,,,
15,5,7,,,,
15,2,7,,,,
15,5,7,,,,
15,3,7,,,,
15,2,7,,,,
15,3,7,,,,
15,2,7,,,,
15,4,7,,,,
15,2,7,,,,
15,5,7,,,,
15,5,7,,,,
15,4,7,,,,
15,3,7,,,,
15,3,7,,,,
15,5,7,,,,
15,5,7,,,,
15,3,7,,,,
15,4,7,,,,
15,5,7,,,,
15,2,7,,,,
15,2,7,,,,
15,3,7,,,,
15,2,7,,,,
15,3,7,,,,
15,5,7,,,,
15,4,7,,,,
15,3,7,,,,
15,5,7,,,,
15,2,7,,,,
15,2,7,,,,
15,4,7,,,,
15,6,7,,,,
15,5,7,,,,
15,4,7,,,,
15,5,7,,,,
15,2,7,,,,
15,3,7,,,,
15,3,7,,,,
15,4,7,,,,
15,3,7,,,,
15,4,7,,,,
15,5,7,,,,
15,5,7,,,,
15,3,7,,,,
15,4,7,,,,
15,6,7,,,,
15,3,7,,,,
15,5,7,,,,
15,1,7,,,,
15,5,7,,,,
15,4,7,,,,
15,4,7,,,,
15,4,7,,,,
15,2,7,,,,
15,4,7,,,,
15,4,7,,,,
15,3,7,,,,
15,4,7,,,,
15,4,7,,,,
15,4,7,,,,
15,5,7,,,,
15,4,7,,,,
15,5,7,,,,
15,5,7,,,,
15,4,7,,,,
15,3,7,,,,
15,3,7,,,,
15,2,7,,,,
15,2,7,,,,
15,4,7,,,,
15,4,7,,,,
15,4,7,,,,
15,4,7,,,,
15,5,7,,,,
15,4,7,,,,
15,4,7,,,,
15,4,7,,,,
15,4,7,,,,
15,3,7,,,,
15,5,7,,,,
15,5,7,,,,
15,4,7,,,,
15,4,7,,,,
15,6,7,,,,
15,5,7,,,,
15,4,7,,,,
15,3,7,,,,
15,3,7,,,,
15,5,7,,,,
15,5,7,,,,
15,3,7,,,,
15,6,7,,,,
15,5,7,,,,
15,5,7,,,,
15,4,7,,,,
15,2,7,,,,
15,3,7,,,,
15,3,7,,,,
15,4,7,,,,
15,3,7,,,,
15,4,7,,,,
15,6,7,,,,
15,3,7,,,,
15,4,7,,,,
15,3,7,,,,
15,6,7,,,,
15,5,7,,,,
15,3,7,,,,
15,3,7,,,,
15,4,7,,,,
15,3,7,,,,
15,4,7,,,,
15,6,7,,,,
15,4,7,,,,
15,4,7,,,,
15,4,7,,,,
15,3,7,,,,
15,3,7,,,,
15,4,7,,,,
15,4,7,,,,
15,3,7,,,,
15,3,7,,,,
15,5,7,,,,
15,3,7,,,,
15,5,7,,,,
15,4,7,,,,
15,3,7,,,,
15,4,7,,,,
15,2,7,,,,
15,4,7,,,,
15,3,7,,,,
15,5,7,,,,
15,3,7,,,,
15,3,7,,,,
15,5,7,,,,
15,3,7,,,,
15,4,7,,,,
15,4,7,,,,
15,3,7,,,,
15,2,7,,,,
15,4,7,,,,
15,4,7,,,,
15,5,7,,,,
15,2,7,,,,
15,3,7,,,,
15,2,7,,,,
15,3,7,,,,
15,3,7,,,,
15,3,7,,,,
15,4,7,,,,
20,3,8,,,,
20,4,8,,,,
20,4,8,,,,
20,3,8,,,,
20,5,8,,,,
20,3,8,,,,
20,4,8,,,,
20,6,8,,,,
20,3,8,,,,
20,5,8,,,,
20,3,8,,,,
20,5,8,,,,
20,5,8,,,,
20,3,8,,,,
20,5,8,,,,
20,2,8,,,,
20,2,8,,,,
20,5,8,,,,
20,4,8,,,,
20,4,8,,,,
20,3,8,,,,
20,5,8,,,,
20,4,8,,,,
20,5,8,,,,
20,3,8,,,,
20,3,8,,,,
20,4,8,,,,
20,5,8,,,,
20,3,8,,,,
20,3,8,,,,
20,5,8,,,,
20,4,8,,,,
20,4,8,,,,
20,2,8,,,,
20,3,8,,,,
20,4,8,,,,
20,4,8,,,,
20,4,8,,,,
20,4,8,,,,
20,3,8,,,,
20,4,8,,,,
20,4,8,,,,
20,3,8,,,,
20,5,8,,,,
20,3,8,,,,
20,3,8,,,,
20,4,8,,,,
20,5,8,,,,
20,4,8,,,,
20,2,8,,,,
20,4,8,,,,
20,2,8,,,,
20,3,8,,,,
20,5,8,,,,
20,3,8,,,,
20,5,8,,,,
20,3,8,,,,
20,5,8,,,,
20,4,8,,,,
20,5,8,,,,
20,4,8,,,,
20,4,8,,,,
20,4,8,,,,
20,4,8,,,,
20,2,8,,,,
20,5,8,,,,
20,3,8,,,,
20,5,8,,,,
20,3,8,,,,
20,4,8,,,,
20,3,8,,,,
20,4,8,,,,
20,4,8,,,,
20,2,8,,,,
20,3,8,,,,
20,5,8,,,,
20,2,8,,,,
20,4,8,,,,
20,4,8,,,,
20,4,8,,,,
20,5,8,,,,
20,3,8,,,,
20,3,8,,,,
20,4,8,,,,
20,4,8,,,,
20,3,8,,,,
20,4,8,,,,
20,3,8,,,,
20,3,8,,,,
20,3,8,,,,
20,4,8,,,,
20,3,8,,,,
20,5,8,,,,
20,4,8,,,,
20,4,8,,,,
20,3,8,,,,
20,3,8,,,,
20,5,8,,,,
20,3,8,,,,
20,4,8,,,,
20,3,8,,,,
20,3,8,,,,
20,4,8,,,,
20,5,8,,,,
20,2,8,,,,
20,5,8,,,,
20,3,8,,,,
20,4,8,,,,
20,6,8,,,,
20,4,8,,,,
20,5,8,,,,
20,5,8,,,,
20,5,8,,,,
20,5,8,,,,
20,5,8,,,,
20,5,8,,,,
20,4,8,,,,
20,4,8,,,,
20,4,8,,,,
20,3,8,,,,
20,6,8,,,,
20,4,8,,,,
20,4,8,,,,
20,4,8,,,,
20,4,8,,,,
20,5,8,,,,
20,4,8,,,,
20,3,8,,,,
20,5,8,,,,
20,4,8,,,,
20,4,8,,,,
20,4,8,,,,
20,2,8,,,,
20,3,8,,,,
20,4,8,,,,
20,4,8,,,,
20,3,8,,,,
20,3,8,,,,
20,2,8,,,,
20,5,8,,,,
20,5,8,,,,
20,3,8,,,,
20,5,8,,,,
20,4,8,,,,
20,3,8,,,,
20,5,8,,,,
20,3,8,,,,
20,5,8,,,,
20,3,8,,,,
20,4,8,,,,
20,4,8,,,,
20,4,8,,,,
20,4,8,,,,
20,3,8,,,,
20,4,8,,,,
20,4,8,,,,
20,3,8,,,,
20,4,8,,,,
20,3,8,,,,
20,3,8,,,,
20,3,8,,,,
20,4,8,,,,
20,2,8,,,,
20,3,8,,,,
20,4,8,,,,
20,3,8,,,,
20,3,8,,,,
20,4,8,,,,
20,3,8,,,,
20,4,8,,,,
20,5,8,,,,
20,4,8,,,,
20,4,8,,,,
20,4,8,,,,
20,4,8,,,,
20,4,8,,,,
20,3,8,,,,
20,4,8,,,,
20,3,8,,,,
20,3,8,,,,
20,5,8,,,,
20,3,8,,,,
20,4,8,,,,
20,2,8,,,,
20,3,8,,,,
20,4,8,,,,
20,3,8,,,,
20,2,8,,,,
20,3,8,,,,
20,3,8,,,,
20,3,8,,,,
20,4,8,,,,
20,4,8,,,,
20,3,8,,,,
20,5,8,,,,
20,6,8,,,,
20,5,8,,,,
20,5,8,,,,
20,3,8,,,,
20,4,8,,,,
20,3,8,,,,
20,5,8,,,,
20,4,8,,,,
20,5,8,,,,
20,4,8,,,,
20,4,8,,,,
20,4,8,,,,
20,4,8,,,,
20,3,8,,,,
20,4,8,,,,
20,4,8,,,,
20,5,8,,,,
20,2,8,,,,
20,4,8,,,,
20,5,8,,,,
20,2,8,,,,
20,4,8,,,,
20,4,8,,,,
20,4,8,,,,
20,4,8,,,,
20,3,8,,,,
20,4,8,,,,
20,5,8,,,,
20,4,8,,,,
20,5,8,,,,
20,3,8,,,,
20,4,8,,,,
20,4,8,,,,
20,5,8,,,,
20,4,8,,,,
20,3,8,,,,
20,3,8,,,,
20,4,8,,,,
20,6,8,,,,
20,5,8,,,,
20,4,8,,,,
20,4,8,,,,
20,3,8,,,,
20,4,8,,,,
20,3,8,,,,
20,4,8,,,,
20,3,8,,,,
20,4,8,,,,
20,5,8,,,,
20,3,8,,,,
20,4,8,,,,
20,4,8,,,,
20,4,8,,,,
20,5,8,,,,
20,5,8,,,,
20,6,8,,,,
20,5,8,,,,
20,4,8,,,,
20,4,8,,,,
20,3,8,,,,
20,5,8,,,,
20,5,8,,,,
20,2,8,,,,
20,3,8,,,,
20,4,8,,,,
20,3,8,,,,
20,2,8,,,,
20,3,8,,,,
20,4,8,,,,
20,3,8,,,,
20,5,8,,,,
20,2,8,,,,
20,5,8,,,,
20,4,8,,,,
20,4,8,,,,
20,4,8,,,,
20,4,8,,,,
20,3,8,,,,
20,4,8,,,,
20,6,8,,,,
20,4,8,,,,
20,4,8,,,,
20,4,8,,,,
20,4,8,,,,
20,3,8,,,,
20,3,8,,,,
20,4,8,,,,
20,4,8,,,,
20,4,8,,,,
20,5,8,,,,
20,5,8,,,,
20,4,8,,,,
20,3,8,,,,
20,3,8,,,,
20,3,8,,,,
20,5,8,,,,
20,3,8,,,,
20,3,8,,,,
20,4,8,,,,
20,4,8,,,,
20,4,8,,,,
20,3,8,,,,
20,3,8,,,,
20,5,8,,,,
20,5,8,,,,
20,4,8,,,,
20,3,8,,,,
20,4,8,,,,
20,2,8,,,,
20,6,8,,,,
20,4,8,,,,
20,4,8,,,,
20,3,8,,,,
20,5,8,,,,
20,4,8,,,,
20,3,8,,,,
20,3,8,,,,
20,4,8,,,,
20,5,8,,,,
20,5,8,,,,
20,4,8,,,,
20,4,8,,,,
20,4,8,,,,
20,4,8,,,,
20,5,8,,,,
20,5,8,,,,
20,4,8,,,,
20,4,8,,,,
20,4,8,,,,
20,4,8,,,,
20,3,8,,,,
20,5,8,,,,
20,2,8,,,,
20,3,8,,,,
20,4,8,,,,
20,5,8,,,,
20,3,8,,,,
20,4,8,,,,
20,4,8,,,,
20,2,8,,,,
20,5,8,,,,
20,5,8,,,,
20,5,8,,,,
20,5,8,,,,
20,4,8,,,,
20,5,8,,,,
20,1,8,,,,
20,3,8,,,,
20,4,8,,,,
20,4,8,,,,
20,4,8,,,,
20,3,8,,,,
20,4,8,,,,
20,3,8,,,,
20,5,8,,,,
20,5,8,,,,
20,4,8,,,,
20,2,8,,,,
20,4,8,,,,
20,4,8,,,,
20,4,8,,,,
20,3,8,,,,
20,5,8,,,,
20,4,8,,,,
20,3,8,,,,
20,2,8,,,,
20,3,8,,,,
20,2,8,,,,
20,4,8,,,,
20,4,8,,,,
20,4,8,,,,
20,3,8,,,,
20,4,8,,,,
20,5,8,,,,
20,4,8,,,,
20,4,8,,,,
20,4,8,,,,
20,4,8,,,,
20,5,8,,,,
20,2,8,,,,
20,4,8,,,,
20,6,8,,,,
20,2,8,,,,
20,4,8,,,,
20,4,8,,,,
20,4,8,,,,
20,4,8,,,,
20,1,8,,,,
20,5,8,,,,
20,4,8,,,,
20,5,8,,,,
20,4,8,,,,
20,5,8,,,,
20,5,8,,,,
20,4,8,,,,
20,4,8,,,,
20,4,8,,,,
20,3,8,,,,
20,6,8,,,,
20,3,8,,,,
20,4,8,,,,
20,6,8,,,,
20,5,8,,,,
20,4,8,,,,
20,3,8,,,,
20,3,8,,,,
20,3,8,,,,
20,5,8,,,,
20,4,8,,,,
20,4,8,,,,
20,5,8,,,,
20,5,8,,,,
20,4,8,,,,
20,4,8,,,,
20,5,8,,,,
20,2,8,,,,
20,4,8,,,,
20,3,8,,,,
20,4,8,,,,
20,3,8,,,,
20,5,8,,,,
20,4,8,,,,
20,3,8,,,,
20,5,8,,,,
20,4,8,,,,
20,4,8,,,,
20,5,8,,,,
20,6,8,,,,
20,4,8,,,,
20,4,8,,,,
20,4,8,,,,
20,5,8,,,,
20,3,8,,,,
20,4,8,,,,
20,5,8,,,,
20,4,8,,,,
20,4,8,,,,
20,4,8,,,,
20,4,8,,,,
20,4,8,,,,
20,0,8,,,,
20,5,8,,,,
20,3,8,,,,
20,5,8,,,,
20,3,8,,,,
20,3,8,,,,
20,4,8,,,,
20,3,8,,,,
20,4,8,,,,
20,5,8,,,,
20,3,8,,,,
20,3,8,,,,
20,6,8,,,,
20,3,8,,,,
20,4,8,,,,
20,2,8,,,,
20,3,8,,,,
20,4,8,,,,
20,5,8,,,,
20,4,8,,,,
20,2,8,,,,
20,3,8,,,,
20,4,8,,,,
20,5,8,,,,
20,4,8,,,,
20,4,8,,,,
20,4,8,,,,
20,5,8,,,,
20,3,8,,,,
20,4,8,,,,
20,2,8,,,,
20,4,8,,,,
20,2,8,,,,
20,4,8,,,,
20,3,8,,,,
20,4,8,,,,
20,3,8,,,,
20,4,8,,,,
20,3,8,,,,
20,5,8,,,,
20,6,8,,,,
20,4,8,,,,
20,3,8,,,,
20,3,8,,,,
20,5,8,,,,
20,4,8,,,,
20,6,8,,,,
20,4,8,,,,
20,5,8,,,,
20,5,8,,,,
20,3,8,,,,
20,3,8,,,,
20,5,8,,,,
20,2,8,,,,
20,2,8,,,,
20,3,8,,,,
20,5,8,,,,
20,3,8,,,,
20,4,8,,,,
20,5,8,,,,
20,2,8,,,,
20,4,8,,,,
20,4,8,,,,
20,4,8,,,,
20,5,8,,,,
20,2,8,,,,
20,3,8,,,,
20,3,8,,,,
20,4,8,,,,
20,3,8,,,,
20,4,8,,,,
20,5,8,,,,
20,4,8,,,,
20,3,8,,,,
20,3,8,,,,
20,5,8,,,,
20,4,8,,,,
20,5,8,,,,
20,3,8,,,,
20,4,8,,,,
20,4,8,,,,
20,3,8,,,,
20,4,8,,,,
20,2,8,,,,
20,6,8,,,,
20,5,8,,,,
20,4,8,,,,
20,2,8,,,,
20,4,8,,,,
20,3,8,,,,
20,5,8,,,,
20,4,8,,,,
20,4,8,,,,
20,3,8,,,,
20,4,8,,,,
20,5,8,,,,
20,3,8,,,,
20,4,8,,,,
20,4,8,,,,
20,4,8,,,,
20,3,8,,,,
20,5,8,,,,
20,4,8,,,,
20,4,8,,,,
20,3,8,,,,
20,2,8,,,,
20,4,8,,,,
20,5,8,,,,
20,4,8,,,,
20,3,8,,,,
20,5,8,,,,
20,5,8,,,,
20,4,8,,,,
20,3,8,,,,
20,3,8,,,,
20,3,8,,,,
20,4,8,,,,
20,4,8,,,,
20,4,8,,,,
20,4,8,,,,
20,6,8,,,,
20,3,8,,,,
20,4,8,,,,
20,4,8,,,,
20,4,8,,,,
20,3,8,,,,
20,3,8,,,,
20,4,8,,,,
20,4,8,,,,
20,4,8,,,,
20,5,8,,,,
20,3,8,,,,
20,3,8,,,,
20,3,8,,,,
20,4,8,,,,
20,3,8,,,,
20,3,8,,,,
20,3,8,,,,
20,4,8,,,,
20,5,8,,,,
20,4,8,,,,
20,4,8,,,,
20,3,8,,,,
20,6,8,,,,
20,5,8,,,,
20,4,8,,,,
20,5,8,,,,
20,4,8,,,,
20,4,8,,,,
20,3,8,,,,
20,4,8,,,,
20,3,8,,,,
20,3,8,,,,
20,3,8,,,,
20,4,8,,,,
20,4,8,,,,
20,4,8,,,,
20,4,8,,,,
20,4,8,,,,
20,3,8,,,,
20,3,8,,,,
20,4,8,,,,
20,5,8,,,,
20,5,8,,,,
20,6,8,,,,
20,4,8,,,,
20,4,8,,,,
20,3,8,,,,
20,3,8,,,,
20,3,8,,,,
20,3,8,,,,
20,3,8,,,,
20,3,8,,,,
20,3,8,,,,
20,4,8,,,,
20,3,8,,,,
20,6,8,,,,
20,2,8,,,,
20,3,8,,,,
20,4,8,,,,
20,3,8,,,,
20,4,8,,,,
20,3,8,,,,
20,3,8,,,,
20,4,8,,,,
20,2,8,,,,
20,3,8,,,,
20,4,8,,,,
20,5,8,,,,
20,4,8,,,,
20,4,8,,,,
20,5,8,,,,
20,4,8,,,,
20,3,8,,,,
20,4,8,,,,
20,3,8,,,,
20,3,8,,,,
20,4,8,,,,
20,4,8,,,,
20,3,8,,,,
20,4,8,,,,
20,4,8,,,,
20,3,8,,,,
20,4,8,,,,
20,4,8,,,,
20,5,8,,,,
20,5,8,,,,
20,5,8,,,,
20,5,8,,,,
20,4,8,,,,
20,4,8,,,,
20,4,8,,,,
20,4,8,,,,
20,4,8,,,,
20,4,8,,,,
20,3,8,,,,
20,4,8,,,,
20,6,8,,,,
20,5,8,,,,
20,3,8,,,,
20,4,8,,,,
20,4,8,,,,
20,3,8,,,,
20,4,8,,,,
20,5,8,,,,
20,5,8,,,,
20,3,8,,,,
20,5,8,,,,
20,3,8,,,,
20,3,8,,,,
20,5,8,,,,
20,3,8,,,,
20,4,8,,,,
20,5,8,,,,
20,4,8,,,,
20,2,8,,,,
20,3,8,,,,
20,5,8,,,,
20,5,8,,,,
20,4,8,,,,
20,4,8,,,,
20,4,8,,,,
20,2,8,,,,
20,3,8,,,,
20,5,8,,,,
20,4,8,,,,
20,3,8,,,,
20,4,8,,,,
20,5,8,,,,
20,4,8,,,,
20,4,8,,,,
20,3,8,,,,
20,4,8,,,,
20,4,8,,,,
20,4,8,,,,
20,5,8,,,,
20,4,8,,,,
20,3,8,,,,
20,4,8,,,,
20,3,8,,,,
20,4,8,,,,
20,3,8,,,,
20,3,8,,,,
20,3,8,,,,
20,4,8,,,,
20,3,8,,,,
20,5,8,,,,
20,5,8,,,,
20,4,8,,,,
20,5,8,,,,
20,2,8,,,,
20,5,8,,,,
20,2,8,,,,
20,3,8,,,,
20,3,8,,,,
20,5,8,,,,
20,4,8,,,,
20,4,8,,,,
20,5,8,,,,
20,5,8,,,,
20,5,8,,,,
20,4,8,,,,
20,3,8,,,,
20,3,8,,,,
20,4,8,,,,
20,5,8,,,,
20,5,8,,,,
20,3,8,,,,
20,5,8,,,,
20,5,8,,,,
20,4,8,,,,
20,5,8,,,,
20,5,8,,,,
20,5,8,,,,
20,4,8,,,,
20,3,8,,,,
20,3,8,,,,
20,3,8,,,,
20,5,8,,,,
20,4,8,,,,
20,5,8,,,,
20,3,8,,,,
20,3,8,,,,
20,3,8,,,,
20,5,8,,,,
20,2,8,,,,
20,4,8,,,,
20,5,8,,,,
20,2,8,,,,
20,4,8,,,,
20,4,8,,,,
20,6,8,,,,
20,3,8,,,,
20,3,8,,,,
20,4,8,,,,
20,4,8,,,,
20,5,8,,,,
20,4,8,,,,
20,4,8,,,,
20,5,8,,,,
20,5,8,,,,
20,5,8,,,,
20,4,8,,,,
20,4,8,,,,
20,4,8,,,,
20,4,8,,,,
20,4,8,,,,
20,4,8,,,,
20,5,8,,,,
20,4,8,,,,
20,5,8,,,,
20,4,8,,,,
20,5,8,,,,
20,3,8,,,,
20,4,8,,,,
20,3,8,,,,
20,3,8,,,,
20,6,8,,,,
20,5,8,,,,
20,4,8,,,,
20,4,8,,,,
20,4,8,,,,
20,5,8,,,,
20,2,8,,,,
20,4,8,,,,
20,3,8,,,,
20,5,8,,,,
20,4,8,,,,
20,4,8,,,,
20,4,8,,,,
20,5,8,,,,
20,3,8,,,,
20,5,8,,,,
20,5,8,,,,
20,5,8,,,,
20,4,8,,,,
20,5,8,,,,
20,5,8,,,,
20,4,8,,,,
20,4,8,,,,
20,5,8,,,,
20,2,8,,,,
20,3,8,,,,
20,3,8,,,,
20,3,8,,,,
20,4,8,,,,
20,4,8,,,,
20,4,8,,,,
20,3,8,,,,
20,4,8,,,,
20,2,8,,,,
20,5,8,,,,
20,5,8,,,,
20,3,8,,,,
20,3,8,,,,
20,4,8,,,,
20,5,8,,,,
20,3,8,,,,
20,4,8,,,,
20,2,8,,,,
20,2,8,,,,
20,4,8,,,,
20,5,8,,,,
20,4,8,,,,
20,3,8,,,,
20,3,8,,,,
20,5,8,,,,
20,3,8,,,,
20,5,8,,,,
20,3,8,,,,
20,4,8,,,,
20,4,8,,,,
20,3,8,,,,
20,4,8,,,,
20,3,8,,,,
20,4,8,,,,
20,4,8,,,,
20,4,8,,,,
20,4,8,,,,
20,3,8,,,,
20,5,8,,,,
20,5,8,,,,
20,4,8,,,,
20,6,8,,,,
20,4,8,,,,
20,3,8,,,,
20,5,8,,,,
20,3,8,,,,
20,4,8,,,,
20,3,8,,,,
20,4,8,,,,
20,2,8,,,,
20,5,8,,,,
20,4,8,,,,
20,4,8,,,,
20,4,8,,,,
20,4,8,,,,
20,3,8,,,,
20,3,8,,,,
20,5,8,,,,
20,4,8,,,,
20,2,8,,,,
20,4,8,,,,
20,3,8,,,,
20,4,8,,,,
20,4,8,,,,
20,1,8,,,,
20,3,8,,,,
20,3,8,,,,
20,4,8,,,,
20,3,8,,,,
20,4,8,,,,
20,4,8,,,,
20,4,8,,,,
20,6,8,,,,
20,4,8,,,,
20,5,8,,,,
20,4,8,,,,
20,3,8,,,,
20,5,8,,,,
20,5,8,,,,
20,3,8,,,,
20,3,8,,,,
20,4,8,,,,
20,6,8,,,,
20,5,8,,,,
20,5,8,,,,
20,4,8,,,,
20,4,8,,,,
20,4,8,,,,
20,3,8,,,,
20,4,8,,,,
20,5,8,,,,
20,4,8,,,,
20,3,8,,,,
20,4,8,,,,
20,3,8,,,,
20,4,8,,,,
20,5,8,,,,
20,4,8,,,,
20,2,8,,,,
20,5,8,,,,
20,3,8,,,,
20,4,8,,,,
20,4,8,,,,
20,5,8,,,,
20,6,8,,,,
20,4,8,,,,
20,4,8,,,,
20,5,8,,,,
20,4,8,,,,
20,4,8,,,,
20,5,8,,,,
20,3,8,,,,
20,5,8,,,,
20,5,8,,,,
20,4,8,,,,
20,5,8,,,,
20,6,8,,,,
20,5,8,,,,
20,5,8,,,,
20,4,8,,,,
20,3,8,,,,
20,2,8,,,,
20,3,8,,,,
20,3,8,,,,
20,3,8,,,,
20,4,8,,,,
20,4,8,,,,
20,4,8,,,,
20,3,8,,,,
20,5,8,,,,
20,2,8,,,,
20,4,8,,,,
20,4,8,,,,
20,4,8,,,,
20,3,8,,,,
20,4,8,,,,
20,2,8,,,,
20,4,8,,,,
20,3,8,,,,
20,3,8,,,,
20,4,8,,,,
20,2,8,,,,
20,2,8,,,,
20,4,8,,,,
20,3,8,,,,
20,3,8,,,,
20,6,8,,,,
20,6,8,,,,
20,4,8,,,,
20,5,8,,,,
20,4,8,,,,
20,3,8,,,,
20,4,8,,,,
20,4,8,,,,
20,3,8,,,,
20,3,8,,,,
20,4,8,,,,
20,4,8,,,,
20,3,8,,,,
20,4,8,,,,
20,4,8,,,,
20,3,8,,,,
20,4,8,,,,
20,3,8,,,,
20,4,8,,,,
20,4,8,,,,
20,6,8,,,,
20,3,8,,,,
20,4,8,,,,
20,3,8,,,,
20,2,8,,,,
20,4,8,,,,
20,5,8,,,,
20,4,8,,,,
20,5,8,,,,
20,4,8,,,,
20,4,8,,,,
20,4,8,,,,
20,4,8,,,,
20,4,8,,,,
20,2,8,,,,
20,4,8,,,,
20,3,8,,,,
20,3,8,,,,
20,3,8,,,,
20,3,8,,,,
20,4,8,,,,
20,4,8,,,,
20,4,8,,,,
20,5,8,,,,
20,6,8,,,,
20,4,8,,,,
20,3,8,,,,
20,3,8,,,,
20,3,8,,,,
20,3,8,,,,
20,4,8,,,,
20,3,8,,,,
20,2,8,,,,
20,3,8,,,,
20,3,8,,,,
20,3,8,,,,
20,4,8,,,,
50,4,9,,,,
50,4,9,,,,
50,3,9,,,,
50,6,9,,,,
50,2,9,,,,
50,4,9,,,,
50,6,9,,,,
50,3,9,,,,
50,5,9,,,,
50,3,9,,,,
50,7,9,,,,
50,5,9,,,,
50,4,9,,,,
50,4,9,,,,
50,2,9,,,,
50,2,9,,,,
50,4,9,,,,
50,5,9,,,,
50,5,9,,,,
50,5,9,,,,
50,1,9,,,,
50,4,9,,,,
50,4,9,,,,
50,3,9,,,,
50,3,9,,,,
50,6,9,,,,
50,5,9,,,,
50,4,9,,,,
50,4,9,,,,
50,5,9,,,,
50,5,9,,,,
50,4,9,,,,
50,4,9,,,,
50,5,9,,,,
50,3,9,,,,
50,4,9,,,,
50,4,9,,,,
50,6,9,,,,
50,6,9,,,,
50,5,9,,,,
50,4,9,,,,
50,5,9,,,,
50,6,9,,,,
50,5,9,,,,
50,5,9,,,,
50,4,9,,,,
50,4,9,,,,
50,5,9,,,,
50,5,9,,,,
50,3,9,,,,
50,6,9,,,,
50,3,9,,,,
50,5,9,,,,
50,4,9,,,,
50,5,9,,,,
50,6,9,,,,
50,2,9,,,,
50,4,9,,,,
50,4,9,,,,
50,5,9,,,,
50,2,9,,,,
50,4,9,,,,
50,4,9,,,,
50,4,9,,,,
50,3,9,,,,
50,4,9,,,,
50,4,9,,,,
50,4,9,,,,
50,5,9,,,,
50,6,9,,,,
50,5,9,,,,
50,4,9,,,,
50,5,9,,,,
50,4,9,,,,
50,5,9,,,,
50,7,9,,,,
50,4,9,,,,
50,6,9,,,,
50,4,9,,,,
50,3,9,,,,
50,5,9,,,,
50,3,9,,,,
50,5,9,,,,
50,6,9,,,,
50,5,9,,,,
50,4,9,,,,
50,4,9,,,,
50,5,9,,,,
50,3,9,,,,
50,2,9,,,,
50,6,9,,,,
50,5,9,,,,
50,4,9,,,,
50,5,9,,,,
50,5,9,,,,
50,4,9,,,,
50,5,9,,,,
50,4,9,,,,
50,5,9,,,,
50,5,9,,,,
50,4,9,,,,
50,6,9,,,,
50,5,9,,,,
50,5,9,,,,
50,4,9,,,,
50,3,9,,,,
50,3,9,,,,
50,5,9,,,,
50,5,9,,,,
50,7,9,,,,
50,5,9,,,,
50,2,9,,,,
50,5,9,,,,
50,3,9,,,,
50,4,9,,,,
50,5,9,,,,
50,5,9,,,,
50,5,9,,,,
50,4,9,,,,
50,3,9,,,,
50,2,9,,,,
50,6,9,,,,
50,4,9,,,,
50,3,9,,,,
50,6,9,,,,
50,4,9,,,,
50,5,9,,,,
50,4,9,,,,
50,3,9,,,,
50,7,9,,,,
50,5,9,,,,
50,4,9,,,,
50,5,9,,,,
50,4,9,,,,
50,5,9,,,,
50,6,9,,,,
50,3,9,,,,
50,5,9,,,,
50,5,9,,,,
50,5,9,,,,
50,2,9,,,,
50,6,9,,,,
50,3,9,,,,
50,5,9,,,,
50,3,9,,,,
50,4,9,,,,
50,3,9,,,,
50,4,9,,,,
50,1,9,,,,
50,6,9,,,,
50,5,9,,,,
50,2,9,,,,
50,6,9,,,,
50,5,9,,,,
50,5,9,,,,
50,3,9,,,,
50,2,9,,,,
50,4,9,,,,
50,6,9,,,,
50,5,9,,,,
50,6,9,,,,
50,4,9,,,,
50,5,9,,,,
50,5,9,,,,
50,5,9,,,,
50,5,9,,,,
50,5,9,,,,
50,4,9,,,,
50,4,9,,,,
50,3,9,,,,
50,4,9,,,,
50,5,9,,,,
50,6,9,,,,
50,5,9,,,,
50,3,9,,,,
50,5,9,,,,
50,7,9,,,,
50,3,9,,,,
50,5,9,,,,
50,4,9,,,,
50,2,9,,,,
50,3,9,,,,
50,4,9,,,,
50,4,9,,,,
50,4,9,,,,
50,3,9,,,,
50,5,9,,,,
50,4,9,,,,
50,4,9,,,,
50,6,9,,,,
50,4,9,,,,
50,4,9,,,,
50,4,9,,,,
50,4,9,,,,
50,4,9,,,,
50,3,9,,,,
50,5,9,,,,
50,4,9,,,,
50,4,9,,,,
50,5,9,,,,
50,3,9,,,,
50,1,9,,,,
50,4,9,,,,
50,2,9,,,,
50,5,9,,,,
50,4,9,,,,
50,5,9,,,,
50,6,9,,,,
50,6,9,,,,
50,4,9,,,,
50,3,9,,,,
50,6,9,,,,
50,4,9,,,,
50,3,9,,,,
50,6,9,,,,
50,4,9,,,,
50,3,9,,,,
50,3,9,,,,
50,4,9,,,,
50,5,9,,,,
50,2,9,,,,
50,4,9,,,,
50,4,9,,,,
50,4,9,,,,
50,7,9,,,,
50,4,9,,,,
50,4,9,,,,
50,3,9,,,,
50,2,9,,,,
50,4,9,,,,
50,3,9,,,,
50,4,9,,,,
50,7,9,,,,
50,5,9,,,,
50,6,9,,,,
50,4,9,,,,
50,4,9,,,,
50,6,9,,,,
50,4,9,,,,
50,6,9,,,,
50,4,9,,,,
50,4,9,,,,
50,5,9,,,,
50,4,9,,,,
50,3,9,,,,
50,5,9,,,,
50,2,9,,,,
50,5,9,,,,
50,4,9,,,,
50,4,9,,,,
50,3,9,,,,
50,6,9,,,,
50,5,9,,,,
50,4,9,,,,
50,4,9,,,,
50,4,9,,,,
50,5,9,,,,
50,4,9,,,,
50,4,9,,,,
50,4,9,,,,
50,3,9,,,,
50,3,9,,,,
50,4,9,,,,
50,6,9,,,,
50,3,9,,,,
50,5,9,,,,
50,4,9,,,,
50,3,9,,,,
50,5,9,,,,
50,5,9,,,,
50,3,9,,,,
50,3,9,,,,
50,5,9,,,,
50,4,9,,,,
50,3,9,,,,
50,4,9,,,,
50,6,9,,,,
50,3,9,,,,
50,6,9,,,,
50,5,9,,,,
50,4,9,,,,
50,6,9,,,,
50,6,9,,,,
50,4,9,,,,
50,4,9,,,,
50,1,9,,,,
50,3,9,,,,
50,4,9,,,,
50,5,9,,,,
50,5,9,,,,
50,4,9,,,,
50,5,9,,,,
50,3,9,,,,
50,4,9,,,,
50,4,9,,,,
50,4,9,,,,
50,5,9,,,,
50,4,9,,,,
50,5,9,,,,
50,5,9,,,,
50,5,9,,,,
50,2,9,,,,
50,3,9,,,,
50,1,9,,,,
50,4,9,,,,
50,4,9,,,,
50,4,9,,,,
50,4,9,,,,
50,4,9,,,,
50,3,9,,,,
50,4,9,,,,
50,4,9,,,,
50,5,9,,,,
50,5,9,,,,
50,5,9,,,,
50,5,9,,,,
50,5,9,,,,
50,5,9,,,,
50,3,9,,,,
50,6,9,,,,
50,4,9,,,,
50,6,9,,,,
50,5,9,,,,
50,3,9,,,,
50,4,9,,,,
50,4,9,,,,
50,5,9,,,,
50,4,9,,,,
50,4,9,,,,
50,4,9,,,,
50,5,9,,,,
50,3,9,,,,
50,6,9,,,,
50,5,9,,,,
50,4,9,,,,
50,5,9,,,,
50,3,9,,,,
50,2,9,,,,
50,3,9,,,,
50,4,9,,,,
50,4,9,,,,
50,2,9,,,,
50,5,9,,,,
50,4,9,,,,
50,4,9,,,,
50,5,9,,,,
50,4,9,,,,
50,4,9,,,,
50,3,9,,,,
50,4,9,,,,
50,6,9,,,,
50,4,9,,,,
50,1,9,,,,
50,2,9,,,,
50,3,9,,,,
50,3,9,,,,
50,3,9,,,,
50,5,9,,,,
50,4,9,,,,
50,3,9,,,,
50,5,9,,,,
50,4,9,,,,
50,6,9,,,,
50,7,9,,,,
50,3,9,,,,
50,4,9,,,,
50,3,9,,,,
50,3,9,,,,
50,7,9,,,,
50,5,9,,,,
50,4,9,,,,
50,3,9,,,,
50,5,9,,,,
50,6,9,,,,
50,3,9,,,,
50,3,9,,,,
50,5,9,,,,
50,4,9,,,,
50,5,9,,,,
50,5,9,,,,
50,3,9,,,,
50,3,9,,,,
50,4,9,,,,
50,6,9,,,,
50,4,9,,,,
50,2,9,,,,
50,3,9,,,,
50,4,9,,,,
50,5,9,,,,
50,3,9,,,,
50,4,9,,,,
50,3,9,,,,
50,5,9,,,,
50,4,9,,,,
50,3,9,,,,
50,5,9,,,,
50,6,9,,,,
50,5,9,,,,
50,4,9,,,,
50,5,9,,,,
50,5,9,,,,
50,5,9,,,,
50,3,9,,,,
50,4,9,,,,
50,2,9,,,,
50,4,9,,,,
50,4,9,,,,
50,4,9,,,,
50,5,9,,,,
50,4,9,,,,
50,4,9,,,,
50,5,9,,,,
50,7,9,,,,
50,5,9,,,,
50,5,9,,,,
50,4,9,,,,
50,3,9,,,,
50,2,9,,,,
50,3,9,,,,
50,3,9,,,,
50,6,9,,,,
50,5,9,,,,
50,6,9,,,,
50,3,9,,,,
50,4,9,,,,
50,5,9,,,,
50,4,9,,,,
50,3,9,,,,
50,4,9,,,,
50,6,9,,,,
50,6,9,,,,
50,4,9,,,,
50,4,9,,,,
50,4,9,,,,
50,5,9,,,,
50,6,9,,,,
50,5,9,,,,
50,4,9,,,,
50,4,9,,,,
50,6,9,,,,
50,2,9,,,,
50,4,9,,,,
50,4,9,,,,
50,6,9,,,,
50,4,9,,,,
50,6,9,,,,
50,4,9,,,,
50,3,9,,,,
50,4,9,,,,
50,5,9,,,,
50,6,9,,,,
50,4,9,,,,
50,4,9,,,,
50,3,9,,,,
50,4,9,,,,
50,3,9,,,,
50,5,9,,,,
50,5,9,,,,
50,4,9,,,,
50,6,9,,,,
50,4,9,,,,
50,4,9,,,,
50,6,9,,,,
50,2,9,,,,
50,5,9,,,,
50,5,9,,,,
50,4,9,,,,
50,5,9,,,,
50,4,9,,,,
50,3,9,,,,
50,5,9,,,,
50,6,9,,,,
50,4,9,,,,
50,4,9,,,,
50,4,9,,,,
50,6,9,,,,
50,3,9,,,,
50,5,9,,,,
50,3,9,,,,
50,6,9,,,,
50,5,9,,,,
50,4,9,,,,
50,4,9,,,,
50,5,9,,,,
50,5,9,,,,
50,3,9,,,,
50,4,9,,,,
50,5,9,,,,
50,4,9,,,,
50,4,9,,,,
50,4,9,,,,
50,5,9,,,,
50,6,9,,,,
50,6,9,,,,
50,3,9,,,,
50,5,9,,,,
50,5,9,,,,
50,3,9,,,,
50,5,9,,,,
50,6,9,,,,
50,3,9,,,,
50,2,9,,,,
50,3,9,,,,
50,5,9,,,,
50,4,9,,,,
50,5,9,,,,
50,3,9,,,,
50,4,9,,,,
50,5,9,,,,
50,2,9,,,,
50,6,9,,,,
50,2,9,,,,
50,5,9,,,,
50,6,9,,,,
50,3,9,,,,
50,2,9,,,,
50,5,9,,,,
50,6,9,,,,
50,2,9,,,,
50,3,9,,,,
50,4,9,,,,
50,4,9,,,,
50,2,9,,,,
50,6,9,,,,
50,3,9,,,,
50,4,9,,,,
50,4,9,,,,
50,4,9,,,,
50,5,9,,,,
50,3,9,,,,
50,5,9,,,,
50,3,9,,,,
50,5,9,,,,
50,5,9,,,,
50,2,9,,,,
50,5,9,,,,
50,5,9,,,,
50,5,9,,,,
50,4,9,,,,
50,3,9,,,,
50,5,9,,,,
50,3,9,,,,
50,4,9,,,,
50,6,9,,,,
50,5,9,,,,
50,4,9,,,,
50,3,9,,,,
50,5,9,,,,
50,5,9,,,,
50,4,9,,,,
50,4,9,,,,
50,5,9,,,,
50,5,9,,,,
50,5,9,,,,
50,5,9,,,,
50,5,9,,,,
50,6,9,,,,
50,5,9,,,,
50,5,9,,,,
50,5,9,,,,
50,5,9,,,,
50,5,9,,,,
50,3,9,,,,
50,3,9,,,,
50,3,9,,,,
50,4,9,,,,
50,5,9,,,,
50,3,9,,,,
50,6,9,,,,
50,5,9,,,,
50,4,9,,,,
50,6,9,,,,
50,6,9,,,,
50,3,9,,,,
50,4,9,,,,
50,5,9,,,,
50,4,9,,,,
50,4,9,,,,
50,5,9,,,,
50,4,9,,,,
50,2,9,,,,
50,2,9,,,,
50,3,9,,,,
50,5,9,,,,
50,1,9,,,,
50,4,9,,,,
50,4,9,,,,
50,4,9,,,,
50,4,9,,,,
50,5,9,,,,
50,4,9,,,,
50,3,9,,,,
50,4,9,,,,
50,4,9,,,,
50,5,9,,,,
50,2,9,,,,
50,6,9,,,,
50,6,9,,,,
50,3,9,,,,
50,5,9,,,,
50,2,9,,,,
50,3,9,,,,
50,5,9,,,,
50,2,9,,,,
50,4,9,,,,
50,5,9,,,,
50,4,9,,,,
50,5,9,,,,
50,4,9,,,,
50,4,9,,,,
50,5,9,,,,
50,5,9,,,,
50,6,9,,,,
50,4,9,,,,
50,5,9,,,,
50,3,9,,,,
50,6,9,,,,
50,5,9,,,,
50,6,9,,,,
50,5,9,,,,
50,3,9,,,,
50,5,9,,,,
50,5,9,,,,
50,4,9,,,,
50,5,9,,,,
50,6,9,,,,
50,3,9,,,,
50,2,9,,,,
50,5,9,,,,
50,5,9,,,,
50,4,9,,,,
50,6,9,,,,
50,4,9,,,,
50,3,9,,,,
50,4,9,,,,
50,6,9,,,,
50,4,9,,,,
50,3,9,,,,
50,5,9,,,,
50,5,9,,,,
50,5,9,,,,
50,3,9,,,,
50,5,9,,,,
50,6,9,,,,
50,4,9,,,,
50,4,9,,,,
50,3,9,,,,
50,3,9,,,,
50,7,9,,,,
50,6,9,,,,
50,2,9,,,,
50,4,9,,,,
50,2,9,,,,
50,6,9,,,,
50,6,9,,,,
50,4,9,,,,
50,5,9,,,,
50,3,9,,,,
50,4,9,,,,
50,3,9,,,,
50,3,9,,,,
50,4,9,,,,
50,5,9,,,,
50,2,9,,,,
50,5,9,,,,
50,5,9,,,,
50,5,9,,,,
50,6,9,,,,
50,6,9,,,,
50,5,9,,,,
50,4,9,,,,
50,6,9,,,,
50,3,9,,,,
50,5,9,,,,
50,5,9,,,,
50,5,9,,,,
50,7,9,,,,
50,4,9,,,,
50,4,9,,,,
50,6,9,,,,
50,4,9,,,,
50,3,9,,,,
50,4,9,,,,
50,5,9,,,,
50,4,9,,,,
50,5,9,,,,
50,5,9,,,,
50,4,9,,,,
50,3,9,,,,
50,4,9,,,,
50,5,9,,,,
50,5,9,,,,
50,5,9,,,,
50,3,9,,,,
50,4,9,,,,
50,5,9,,,,
50,7,9,,,,
50,4,9,,,,
50,4,9,,,,
50,4,9,,,,
50,4,9,,,,
50,2,9,,,,
50,4,9,,,,
50,5,9,,,,
50,3,9,,,,
50,4,9,,,,
50,4,9,,,,
50,4,9,,,,
50,4,9,,,,
50,3,9,,,,
50,4,9,,,,
50,5,9,,,,
50,4,9,,,,
50,3,9,,,,
50,4,9,,,,
50,3,9,,,,
50,5,9,,,,
50,5,9,,,,
50,2,9,,,,
50,5,9,,,,
50,4,9,,,,
50,4,9,,,,
50,4,9,,,,
50,4,9,,,,
50,5,9,,,,
50,6,9,,,,
50,5,9,,,,
50,6,9,,,,
50,4,9,,,,
50,6,9,,,,
50,5,9,,,,
50,7,9,,,,
50,5,9,,,,
50,4,9,,,,
50,4,9,,,,
50,3,9,,,,
50,3,9,,,,
50,4,9,,,,
50,3,9,,,,
50,3,9,,,,
50,3,9,,,,
50,4,9,,,,
50,5,9,,,,
50,3,9,,,,
50,4,9,,,,
50,3,9,,,,
50,3,9,,,,
50,3,9,,,,
50,3,9,,,,
50,3,9,,,,
50,5,9,,,,
50,3,9,,,,
50,5,9,,,,
50,3,9,,,,
50,6,9,,,,
50,3,9,,,,
50,4,9,,,,
50,3,9,,,,
50,5,9,,,,
50,3,9,,,,
50,5,9,,,,
50,5,9,,,,
50,4,9,,,,
50,3,9,,,,
50,4,9,,,,
50,4,9,,,,
50,3,9,,,,
50,5,9,,,,
50,3,9,,,,
50,7,9,,,,
50,5,9,,,,
50,3,9,,,,
50,4,9,,,,
50,5,9,,,,
50,6,9,,,,
50,3,9,,,,
50,5,9,,,,
50,4,9,,,,
50,4,9,,,,
50,7,9,,,,
50,4,9,,,,
50,5,9,,,,
50,4,9,,,,
50,5,9,,,,
50,4,9,,,,
50,4,9,,,,
50,2,9,,,,
50,4,9,,,,
50,3,9,,,,
50,4,9,,,,
50,3,9,,,,
50,3,9,,,,
50,3,9,,,,
50,5,9,,,,
50,5,9,,,,
50,6,9,,,,
50,5,9,,,,
50,3,9,,,,
50,4,9,,,,
50,6,9,,,,
50,2,9,,,,
50,5,9,,,,
50,3,9,,,,
50,4,9,,,,
50,3,9,,,,
50,4,9,,,,
50,5,9,,,,
50,4,9,,,,
50,5,9,,,,
50,4,9,,,,
50,3,9,,,,
50,5,9,,,,
50,6,9,,,,
50,3,9,,,,
50,4,9,,,,
50,5,9,,,,
50,3,9,,,,
50,3,9,,,,
50,5,9,,,,
50,3,9,,,,
50,4,9,,,,
50,5,9,,,,
50,4,9,,,,
50,5,9,,,,
50,6,9,,,,
50,4,9,,,,
50,4,9,,,,
50,3,9,,,,
50,4,9,,,,
50,5,9,,,,
50,4,9,,,,
50,5,9,,,,
50,4,9,,,,
50,4,9,,,,
50,4,9,,,,
50,2,9,,,,
50,4,9,,,,
50,6,9,,,,
50,2,9,,,,
50,4,9,,,,
50,5,9,,,,
50,3,9,,,,
50,5,9,,,,
50,4,9,,,,
50,4,9,,,,
50,4,9,,,,
50,3,9,,,,
50,3,9,,,,
50,3,9,,,,
50,5,9,,,,
50,3,9,,,,
50,4,9,,,,
50,4,9,,,,
50,4,9,,,,
50,3,9,,,,
50,4,9,,,,
50,3,9,,,,
50,5,9,,,,
50,2,9,,,,
50,5,9,,,,
50,3,9,,,,
50,5,9,,,,
50,5,9,,,,
50,5,9,,,,
50,5,9,,,,
50,4,9,,,,
50,3,9,,,,
50,5,9,,,,
50,5,9,,,,
50,4,9,,,,
50,3,9,,,,
50,6,9,,,,
50,2,9,,,,
50,3,9,,,,
50,5,9,,,,
50,4,9,,,,
50,5,9,,,,
50,3,9,,,,
50,2,9,,,,
50,6,9,,,,
50,4,9,,,,
50,4,9,,,,
50,6,9,,,,
50,4,9,,,,
50,4,9,,,,
50,5,9,,,,
50,5,9,,,,
50,3,9,,,,
50,5,9,,,,
50,3,9,,,,
50,3,9,,,,
50,5,9,,,,
50,3,9,,,,
50,5,9,,,,
50,5,9,,,,
50,3,9,,,,
50,3,9,,,,
50,4,9,,,,
50,5,9,,,,
50,5,9,,,,
50,4,9,,,,
50,4,9,,,,
50,5,9,,,,
50,6,9,,,,
50,5,9,,,,
50,6,9,,,,
50,5,9,,,,
50,3,9,,,,
50,4,9,,,,
50,5,9,,,,
50,4,9,,,,
50,3,9,,,,
50,4,9,,,,
50,5,9,,,,
50,5,9,,,,
50,4,9,,,,
50,5,9,,,,
50,5,9,,,,
50,5,9,,,,
50,5,9,,,,
50,4,9,,,,
50,4,9,,,,
50,2,9,,,,
50,5,9,,,,
50,5,9,,,,
50,3,9,,,,
50,5,9,,,,
50,5,9,,,,
50,5,9,,,,
50,4,9,,,,
50,5,9,,,,
50,5,9,,,,
50,6,9,,,,
50,5,9,,,,
50,3,9,,,,
50,5,9,,,,
50,4,9,,,,
50,6,9,,,,
50,5,9,,,,
50,5,9,,,,
50,5,9,,,,
50,5,9,,,,
50,6,9,,,,
50,6,9,,,,
50,3,9,,,,
50,3,9,,,,
50,3,9,,,,
50,4,9,,,,
50,3,9,,,,
50,6,9,,,,
50,4,9,,,,
50,4,9,,,,
50,7,9,,,,
50,4,9,,,,
50,6,9,,,,
50,3,9,,,,
50,4,9,,,,
50,5,9,,,,
50,3,9,,,,
50,4,9,,,,
50,5,9,,,,
50,4,9,,,,
50,5,9,,,,
50,5,9,,,,
50,6,9,,,,
50,3,9,,,,
50,6,9,,,,
50,5,9,,,,
50,3,9,,,,
50,3,9,,,,
50,6,9,,,,
50,6,9,,,,
50,5,9,,,,
50,4,9,,,,
50,4,9,,,,
50,4,9,,,,
50,4,9,,,,
50,5,9,,,,
50,5,9,,,,
50,5,9,,,,
50,5,9,,,,
50,2,9,,,,
50,3,9,,,,
50,4,9,,,,
50,5,9,,,,
50,6,9,,,,
50,3,9,,,,
50,4,9,,,,
50,4,9,,,,
50,4,9,,,,
50,3,9,,,,
50,5,9,,,,
50,3,9,,,,
50,3,9,,,,
50,5,9,,,,
50,4,9,,,,
50,4,9,,,,
50,5,9,,,,
50,6,9,,,,
50,5,9,,,,