RunNumber,GuessTillWin,Word
1,1234,warrior
2,152,norm
3,2417,string
4,569,gross
5,1764,surprisingly
6,4215,basis
7,3309,technology
8,3578,peak
9,3480,set
10,1342,stress
11,1041,cow
12,2879,recent
13,3102,assert
14,2305,feedback
15,55,republican
16,2231,investment
17,2232,harsh
18,281,sustainable
19,2206,thin
20,475,correct
21,579,personally
22,1,preparation
23,3937,panel
24,3440,tennis
25,1265,penalty
26,2795,rumor
27,3276,able
28,2852,affect
29,1432,compromise
30,1869,development
31,1494,doctor
32,2790,breast
33,2804,wall
34,1949,slice
35,2821,coordinate
36,771,via
37,156,publisher
38,136,questionnaire
39,2380,sofa
40,19,globe
41,2110,complaint
42,1319,enjoy
43,3560,perceived
44,4061,youth
45,1554,passion
46,2233,stick
47,858,plus
48,3075,servant
49,3829,branch
50,3678,nation
51,3532,clearly
52,2422,substantial
53,828,federal
54,3657,painter
55,1245,hate
56,2723,squeeze
57,249,deploy
58,1490,cross
59,1402,entirely
60,227,waist
61,1518,economist
62,900,aisle
63,808,broad
64,3377,uncomfortable
65,1354,include
66,688,associate
67,1351,signal
68,3673,accuracy
69,539,urban
70,3705,shelter
71,1443,news
72,3713,connection
73,3587,monster
74,3545,traffic
75,1714,parish
76,3728,gap
77,139,layer
78,2251,Olympic
79,2998,wrong
80,412,magic
81,3083,local
82,1364,enemy
83,2175,telephone
84,535,crew
85,242,legend
86,2404,search
87,140,mass
88,781,seminar
89,2093,forehead
90,1710,idea
91,3743,simple
92,3797,flexibility
93,2011,rhythm
94,2719,payment
95,4030,nationwide
96,2313,occasionally
97,919,imagine
98,3425,ally
99,918,regular
100,1077,calculate
101,1549,city
102,361,sweater
103,2861,however
104,2318,shrimp
105,3712,acceptance
106,2696,win
107,245,consumer
108,954,rare
109,988,manipulate
110,837,ought
111,758,principle
112,731,bishop
113,406,wealth
114,3649,priority
115,1596,rib
116,3715,good
117,1652,potentially
118,3211,helicopter
119,2615,match
120,2906,organ
121,1679,pistol
122,1784,outfit
123,400,structural
124,673,know
125,624,delay
126,1545,visit
127,3427,departure
128,2451,use
129,2751,burn
130,1874,married
131,3172,wind
132,2682,ruling
133,1957,color
134,3010,reward
135,2684,Irish
136,3451,debt
137,369,merit
138,1328,cheese
139,2773,rope
140,1959,series
141,1418,hesitate
142,283,wife
143,1676,timing
144,984,impact
145,2690,experimental
146,2325,always
147,945,closed
148,3056,handful
149,1683,depict
150,2782,size
151,1333,accurately
152,768,scale
153,1148,interrupt
154,3268,practical
155,959,reaction
156,2174,repeatedly
157,1230,tall
158,2311,import
159,1794,worry
160,990,group
161,211,artist
162,2746,prevent
163,3245,pose
164,2207,biology
165,2844,situation
166,1035,revolutionary
167,4175,acid
168,1433,organization
169,3609,due
170,2177,gay
171,2819,trouble
172,3353,administrator
173,423,hidden
174,2973,tunnel
175,359,wound
176,1786,blade
177,948,everybody
178,3470,sleeve
179,4188,elect
180,1551,pop
181,54,imagination
182,110,little
183,3158,alternative
184,1552,wheat
185,1071,regularly
186,1632,immigration
187,6,installation
188,442,otherwise
189,1993,minute
190,1072,smooth
191,2309,opposition
192,818,jeans
193,1741,healthy
194,960,overall
195,1261,Dutch
196,745,distract
197,1919,street
198,2462,officially
199,1697,ash
200,1022,guidance
201,1311,modern
202,2278,joke
203,289,researcher
204,239,tomorrow
205,3967,ambassador
206,3465,college
207,2041,blank
208,1969,experienced
209,1299,observation
210,1316,strategy
211,219,heavy
212,1324,window
213,4063,drunk
214,2034,helmet
215,1129,commission
216,2585,isolation
217,1564,sort
218,3744,unfair
219,4078,everywhere
220,3018,senior
221,2641,surveillance
222,1497,ticket
223,3888,strain
224,1530,atmosphere
225,1548,permanent
226,3103,club
227,3874,regarding
228,3136,beginning
229,1049,considerable
230,3672,edit
231,2240,jazz
232,1037,argument
233,2618,seller
234,783,personnel
235,206,lesson
236,2781,wait
237,2538,confrontation
238,2807,commitment
239,1939,despite
240,3039,bless
241,1522,politics
242,2029,tender
243,3671,companion
244,1015,competitive
245,3046,sing
246,378,encourage
247,16,shoe
248,2964,legislature
249,1595,among
250,3447,foot
251,2007,leader
252,1686,reach
253,4047,end
254,986,meal
255,3407,dirt
256,594,restrict
257,1028,fade
258,3802,discuss
259,376,fragile
260,284,evidence
261,1205,shut
262,3853,top
263,1613,education
264,2244,decrease
265,3343,install
266,527,language
267,3974,envelope
268,3108,confuse
269,347,unity
270,3192,disability
271,414,reporter
272,1796,establish
273,3739,funny
274,1079,instance
275,1222,poor
276,1821,southern
277,1567,valid
278,964,wipe
279,2292,beam
280,264,night
281,647,three
282,2213,confusion
283,295,guy
284,1980,chip
285,1650,bend
286,486,son
287,2045,identity
288,1411,initiative
289,3402,minority
290,886,explode
291,2937,nightmare
292,3767,smart
293,3975,unfold
294,998,fame
295,451,blink
296,3259,instead
297,694,unlikely
298,507,mind
299,1050,fragment
300,709,movement
301,867,conflict
302,3232,chill
303,2478,concentrate
304,4213,distribute
305,974,war
306,3827,plate
307,512,go
308,146,collapse
309,844,cancer
310,3064,bedroom
311,2505,radio
312,2796,pin
313,1027,artistic
314,2374,truly
315,4198,somebody
316,3971,official
317,3295,mine
318,1350,hot
319,501,smoke
320,2320,assign
321,845,ok
322,506,bathroom
323,1212,northwest
324,2329,clinical
325,2077,pleasant
326,2283,chunk
327,3613,supermarket
328,3696,prescription
329,634,territory
330,141,intense
331,75,breeze
332,1912,book
333,2564,aircraft
334,1561,international
335,4218,realistic
336,3462,laundry
337,1371,recall
338,3346,wish
339,4131,illusion
340,3373,reinforce
341,2756,wine
342,4077,dam
343,829,sometime
344,195,quit
345,3860,stimulate
346,999,criteria
347,4224,freely
348,1833,efficient
349,942,category
350,651,lifestyle
351,3086,angle
352,455,announcement
353,3248,define
354,1655,cage
355,602,aggressive
356,2296,utility
357,3212,sphere
358,2759,discover
359,1314,conservation
360,1766,district
361,315,reference
362,2443,whatever
363,2024,possible
364,677,gather
365,2222,spell
366,3334,moreover
367,593,wrist
368,1664,living
369,3617,fortunately
370,3828,topic
371,2941,plastic
372,1419,commonly
373,2425,flower
374,350,policeman
375,434,ground
376,1753,besides
377,4028,discussion
378,4178,complain
379,3077,disc
380,3479,must
381,1638,mathematics
382,2657,inherent
383,3391,fraction
384,2665,page
385,888,mentor
386,3963,epidemic
387,1070,leather
388,2276,labor
389,4014,diamond
390,36,convert
391,2247,witness
392,3279,final
393,665,deck
394,3574,tomato
395,3182,imply
396,1007,secret
397,4002,reply
398,3469,consume
399,1929,command
400,1841,coordinator
401,3352,democracy
402,3497,neighboring
403,2344,arise
404,503,suddenly
405,2779,increasingly
406,3487,possess
407,3736,integration
408,448,successfully
409,3144,past
410,2898,terrorist
411,2454,foster
412,817,scan
413,365,item
414,2609,enable
415,3832,slam
416,1141,rally
417,617,buy
418,3948,jewelry
419,3762,pump
420,111,inherit
421,2663,listen
422,2257,donor
423,230,seal
424,2153,primarily
425,3287,constitute
426,1984,refuge
427,2619,huh
428,1867,chairman
429,2573,statement
430,2859,make
431,228,characterize
432,1096,highly
433,3929,AIDS
434,344,musician
435,746,toss
436,1815,gaze
437,2321,chain
438,1562,vacuum
439,3523,unemployment
440,2968,statistical
441,1173,land
442,884,limitation
443,3604,picture
444,2925,clip
445,3621,journalist
446,4046,volume
447,321,television
448,4011,complicated
449,4149,ease
450,2263,folk
451,3387,clue
452,2568,speech
453,1124,offensive
454,3490,rapidly
455,1434,vendor
456,3823,horror
457,1536,candle
458,613,victim
459,480,wave
460,3025,irony
461,3390,attention
462,1208,combat
463,3502,medal
464,1570,burden
465,3839,diet
466,3780,steep
467,3645,flour
468,3313,mild
469,1935,Christmas
470,3138,sweet
471,29,diminish
472,741,peel
473,2605,pension
474,3142,slope
475,2721,age
476,2298,mom
477,1169,rubber
478,1340,give
479,788,cottage
480,2578,humanity
481,1979,grant
482,1737,implementation
483,3570,planning
484,2946,forty
485,121,execution
486,2793,production
487,2293,label
488,3527,explicit
489,2405,mall
490,704,afraid
491,3423,every
492,3217,question
493,3941,sample
494,1332,racial
495,2253,subsidy
496,4038,United
497,2712,succeed
498,3991,patrol
499,1179,elderly
500,1528,evolution
501,892,theater
502,2294,tension
503,1182,nearly
504,3209,still
505,2284,salmon
506,3453,appear
507,1217,couch
508,1727,pitch
509,2241,theory
510,4118,alongside
511,1624,grand
512,176,religious
513,2547,hair
514,1416,taxpayer
515,3472,consider
516,780,leave
517,2187,availability
518,3323,thanks
519,2056,emphasize
520,408,specifically
521,1642,minimal
522,2230,manual
523,3919,movie
524,3298,proud
525,2885,gentle
526,108,evil
527,2523,duty
528,3044,border
529,3477,stone
530,3308,responsibility
531,208,sky
532,323,equip
533,2234,threat
534,1142,superior
535,225,associated
536,1355,request
537,2256,overcome
538,4034,kiss
539,1677,assess
540,1769,extensive
541,3280,arrest
542,381,inner
543,155,lost
544,1347,sales
545,869,formula
546,3809,hay
547,802,classroom
548,3783,foreigner
549,2323,lobby
550,330,material
551,311,seat
552,145,stare
553,3794,independent
554,3921,tear
555,4059,tourism
556,2001,offense
557,2199,hunger
558,1723,cognitive
559,949,provider
560,306,curriculum
561,699,pocket
562,1224,actress
563,1406,selected
564,868,evident
565,3003,positive
566,1699,cream
567,2661,profession
568,2967,merely
569,1069,inspire
570,489,silly
571,2914,beast
572,60,shop
573,3419,shared
574,2755,photographer
575,3677,trial
576,3174,civilian
577,1918,belt
578,885,scholar
579,3992,fork
580,1921,wood
581,2098,currently
582,2228,delicate
583,1542,refuse
584,1352,qualify
585,1511,Jew
586,2637,count
587,822,trade
588,1312,gun
589,1825,conduct
590,4172,impulse
591,1286,secretary
592,3317,fisherman
593,1659,illness
594,1081,tone
595,1176,odd
596,2147,safety
597,3611,expected
598,240,kid
599,2308,investigator
600,73,toe
601,755,current
602,975,underlying
603,1202,fellow
604,3037,brother
605,3036,withdrawal
606,696,disappear
607,3855,hope
608,436,special
609,3796,something
610,2584,motor
611,2962,reflect
612,1442,desk
613,1693,significance
614,3327,icon
615,1016,interaction
616,4200,tail
617,3199,reserve
618,4112,crawl
619,2921,equation
620,3854,hall
621,3858,draw
622,2805,bid
623,3957,minimize
624,3202,exhaust
625,2517,woman
626,3297,ass
627,4158,involvement
628,203,rate
629,681,cousin
630,3923,asset
631,224,incorporate
632,2990,wheelchair
633,3638,interest
634,2193,happen
635,4105,singer
636,1603,bar
637,1214,setting
638,1906,connect
639,3293,emotional
640,1735,statue
641,2548,consist
642,1581,naturally
643,518,reception
644,1220,isolate
645,3200,producer
646,171,outstanding
647,3241,rule
648,2527,shove
649,101,digital
650,1390,try
651,2986,trait
652,3413,western
653,1055,absolutely
654,3140,extraordinary
655,3153,even
656,3503,council
657,2895,aware
658,685,creative
659,2281,enthusiasm
660,529,client
661,4069,cold
662,199,barrier
663,887,exclusive
664,2801,spray
665,4051,toy
666,1429,introduction
667,3481,answer
668,2484,consideration
669,1258,field
670,3984,flood
671,3505,access
672,1297,document
673,3504,documentary
674,2531,thought
675,3347,love
676,3455,elaborate
677,801,cooperation
678,765,outer
679,4225,acquire
680,2519,carve
681,3350,intention
682,1111,warning
683,1708,steady
684,3660,essential
685,3614,captain
686,2913,gentleman
687,1879,threshold
688,1066,mixture
689,190,electrical
690,4050,arrange
691,841,leap
692,426,campaign
693,1306,obstacle
694,345,dedicate
695,372,continent
696,3709,whole
697,3880,note
698,825,solve
699,920,sauce
700,1808,continuing
701,1958,yet
702,2701,predict
703,1438,casino
704,3201,transition
705,3501,supporter
706,767,thoroughly
707,3565,change
708,2672,believe
709,2002,partial
710,2848,silver
711,3702,member
712,3524,promise
713,1589,typically
714,2997,million
715,2468,bone
716,1716,therapist
717,3484,afford
718,584,attractive
719,966,peace
720,267,goal
721,1563,margin
722,3622,ambitious
723,2681,suitable
724,2982,era
725,3150,lately
726,4032,residence
727,2488,childhood
728,3087,suburb
729,106,salad
730,3178,coalition
731,3942,permission
732,2936,competition
733,610,apology
734,3982,dig
735,1849,bath
736,3354,assistant
737,3074,survival
738,1852,golden
739,1257,twin
740,3996,stumble
741,514,receive
742,832,thank
743,2700,electronic
744,4090,genuine
745,235,paint
746,4036,projection
747,322,employee
748,698,refer
749,865,master
750,17,dramatically
751,1194,convention
752,3718,accessible
753,1887,grief
754,2083,usual
755,3215,hour
756,2494,welfare
757,3175,fuel
758,1177,tax
759,1968,gallery
760,1465,also
761,4024,select
762,1931,parent
763,2123,aid
764,725,elementary
765,1715,professional
766,1122,intensity
767,1599,buddy
768,4191,mate
769,2369,dare
770,1622,moral
771,3488,counterpart
772,3228,revelation
773,2108,textbook
774,643,cite
775,1348,reluctant
776,418,reader
777,3509,grandfather
778,2493,coin
779,2788,kit
780,2415,lady
781,1206,cloth
782,3871,remember
783,78,mean
784,686,cast
785,1863,track
786,1239,fruit
787,3185,guitar
788,3522,research
789,28,candy
790,2544,lucky
791,3519,water
792,2060,scholarship
793,3528,horrible
794,2550,helpful
795,1668,attendance
796,625,truth
797,2736,educational
798,2860,grandparent
799,2754,suicide
800,2884,sweat
801,2534,pull
802,3050,transport
803,2607,hear
804,61,legislative
805,3821,commit
806,1903,dilemma
807,1423,mountain
808,2239,previously
809,3126,electronics
810,300,pattern
811,1732,common
812,2856,hurricane
813,2784,reverse
814,2079,indeed
815,394,welcome
816,2593,powerful
817,403,fail
818,4089,loyalty
819,4177,testing
820,2420,European
821,1967,turkey
822,838,brief
823,3386,secondary
824,1988,schedule
825,2761,phenomenon
826,1505,suspend
827,58,explain
828,2351,job
829,726,respondent
830,3160,objection
831,259,index
832,3635,assault
833,148,loss
834,261,program
835,433,perform
836,1029,beard
837,600,statute
838,2668,check
839,796,part
840,1075,unit
841,1739,regional
842,3474,mainly
843,356,typical
844,1515,spill
845,4147,handsome
846,2076,mobile
847,3253,bed
848,935,attitude
849,3263,barrel
850,3520,old
851,4130,innovation
852,2021,port
853,4184,deep
854,1544,alcohol
855,3507,code
856,2486,coming
857,1167,huge
858,2378,society
859,1578,intend
860,1647,edition
861,3070,decline
862,4115,bolt
863,3398,drum
864,795,grip
865,764,depart
866,205,total
867,2205,shift
868,2742,awareness
869,589,relatively
870,2768,outline
871,3939,stack
872,2741,library
873,1032,crystal
874,2128,ignore
875,1476,Catholic
876,2015,study
877,393,gym
878,715,success
879,1449,Canadian
880,2791,emerge
881,3517,protective
882,1368,painting
883,3710,university
884,847,appearance
885,2620,oxygen
886,3547,lung
887,2955,nurse
888,276,suffering
889,3900,could
890,2911,casualty
891,2022,follow
892,3011,lie
893,2974,pregnancy
894,1818,real
895,3141,green
896,3067,explanation
897,2812,piano
898,3640,asleep
899,137,gently
900,3864,resume
901,252,break
902,813,studio
903,3676,constitution
904,1147,confident
905,247,option
906,1335,retailer
907,1125,trading
908,1721,deliver
909,3862,decide
910,1504,future
911,4142,ready
912,1556,persuade
913,57,crazy
914,1989,hypothesis
915,3603,hundred
916,1343,first
917,3714,student
918,2867,case
919,1242,young
920,1192,eight
921,142,plane
922,3357,century
923,2301,invasion
924,4182,rough
925,2302,everyday
926,132,watch
927,1184,annually
928,200,custom
929,4066,stadium
930,531,experiment
931,1447,fund
932,3935,sleep
933,2872,fee
934,2112,put
935,553,cat
936,3753,reduction
937,437,protect
938,3431,bankruptcy
939,1897,comprise
940,2023,cheek
941,773,rush
942,229,entrance
943,1661,justice
944,1777,agent
945,3893,transformation
946,431,patient
947,3446,tour
948,1812,blue
949,1783,push
950,1534,texture
951,2341,assignment
952,2610,teaspoon
953,87,mainstream
954,1601,involve
955,346,someday
956,2549,auction
957,4197,harassment
958,4129,nest
959,85,arrow
960,2191,muscle
961,3558,pitcher
962,1036,elevator
963,1083,craft
964,1878,traditional
965,3845,blend
966,1276,intact
967,2865,dead
968,1087,tighten
969,3986,Arab
970,849,arm
971,877,Olympics
972,2806,toward
973,310,Palestinian
974,3510,sprinkle
975,2262,next
976,3283,drawing
977,2211,much
978,257,bus
979,1414,genius
980,3449,celebrate
981,1782,attend
982,1325,great
983,226,trust
984,1995,aesthetic
985,646,universe
986,655,small
987,943,serving
988,1168,fist
989,2577,loop
990,370,force
991,397,concede
992,2280,baseball
993,3401,related
994,3655,fairly
995,2373,headquarters
996,3224,impression
997,1197,hence
998,521,confession
999,1763,grape
1000,1678,performer
